<annotation>
	<folder></folder>
	<filename>frame_2266_jpg.rf.4088ea8bfd9ef50d01ce0ce5a3b6c084.jpg</filename>
	<path>frame_2266_jpg.rf.4088ea8bfd9ef50d01ce0ce5a3b6c084.jpg</path>
	<source>
		<database>roboflow.ai</database>
	</source>
	<size>
		<width>416</width>
		<height>416</height>
		<depth>3</depth>
	</size>
	<segmented>0</segmented>
	<object>
		<name>HV</name>
		<pose>Unspecified</pose>
		<truncated>0</truncated>
		<difficult>0</difficult>
		<occluded>0</occluded>
		<bndbox>
			<xmin>67</xmin>
			<xmax>147</xmax>
			<ymin>215</ymin>
			<ymax>357</ymax>
		</bndbox>
	</object>
	<object>
		<name>HV</name>
		<pose>Unspecified</pose>
		<truncated>0</truncated>
		<difficult>0</difficult>
		<occluded>0</occluded>
		<bndbox>
			<xmin>119</xmin>
			<xmax>196</xmax>
			<ymin>230</ymin>
			<ymax>378</ymax>
		</bndbox>
	</object>
	<object>
		<name>HV</name>
		<pose>Unspecified</pose>
		<truncated>0</truncated>
		<difficult>0</difficult>
		<occluded>0</occluded>
		<bndbox>
			<xmin>234</xmin>
			<xmax>305</xmax>
			<ymin>260</ymin>
			<ymax>342</ymax>
		</bndbox>
	</object>
</annotation>
