<annotation>
	<folder></folder>
	<filename>frame_3627_jpg.rf.f4c4d83aa70f5c9d32903cc5e1f07e21.jpg</filename>
	<path>frame_3627_jpg.rf.f4c4d83aa70f5c9d32903cc5e1f07e21.jpg</path>
	<source>
		<database>roboflow.ai</database>
	</source>
	<size>
		<width>416</width>
		<height>416</height>
		<depth>3</depth>
	</size>
	<segmented>0</segmented>
	<object>
		<name>FW</name>
		<pose>Unspecified</pose>
		<truncated>0</truncated>
		<difficult>0</difficult>
		<occluded>0</occluded>
		<bndbox>
			<xmin>11</xmin>
			<xmax>129</xmax>
			<ymin>271</ymin>
			<ymax>415</ymax>
		</bndbox>
	</object>
	<object>
		<name>TW</name>
		<pose>Unspecified</pose>
		<truncated>0</truncated>
		<difficult>0</difficult>
		<occluded>0</occluded>
		<bndbox>
			<xmin>225</xmin>
			<xmax>271</xmax>
			<ymin>254</ymin>
			<ymax>334</ymax>
		</bndbox>
	</object>
</annotation>
