<annotation>
	<folder></folder>
	<filename>frame_1208_jpg.rf.9262c00acbfd21674da52c1a873e301e.jpg</filename>
	<path>frame_1208_jpg.rf.9262c00acbfd21674da52c1a873e301e.jpg</path>
	<source>
		<database>roboflow.ai</database>
	</source>
	<size>
		<width>416</width>
		<height>416</height>
		<depth>3</depth>
	</size>
	<segmented>0</segmented>
	<object>
		<name>FW</name>
		<pose>Unspecified</pose>
		<truncated>0</truncated>
		<difficult>0</difficult>
		<occluded>0</occluded>
		<bndbox>
			<xmin>145</xmin>
			<xmax>194</xmax>
			<ymin>86</ymin>
			<ymax>160</ymax>
		</bndbox>
	</object>
	<object>
		<name>HV</name>
		<pose>Unspecified</pose>
		<truncated>0</truncated>
		<difficult>0</difficult>
		<occluded>0</occluded>
		<bndbox>
			<xmin>204</xmin>
			<xmax>304</xmax>
			<ymin>17</ymin>
			<ymax>192</ymax>
		</bndbox>
	</object>
</annotation>
