<annotation>
	<folder></folder>
	<filename>frame_3969_jpg.rf.185f15b93fd903ca08242e82640ed64f.jpg</filename>
	<path>frame_3969_jpg.rf.185f15b93fd903ca08242e82640ed64f.jpg</path>
	<source>
		<database>roboflow.ai</database>
	</source>
	<size>
		<width>416</width>
		<height>416</height>
		<depth>3</depth>
	</size>
	<segmented>0</segmented>
	<object>
		<name>TW</name>
		<pose>Unspecified</pose>
		<truncated>0</truncated>
		<difficult>0</difficult>
		<occluded>0</occluded>
		<bndbox>
			<xmin>141</xmin>
			<xmax>165</xmax>
			<ymin>169</ymin>
			<ymax>215</ymax>
		</bndbox>
	</object>
	<object>
		<name>TW</name>
		<pose>Unspecified</pose>
		<truncated>0</truncated>
		<difficult>0</difficult>
		<occluded>0</occluded>
		<bndbox>
			<xmin>155</xmin>
			<xmax>209</xmax>
			<ymin>302</ymin>
			<ymax>414</ymax>
		</bndbox>
	</object>
	<object>
		<name>FW</name>
		<pose>Unspecified</pose>
		<truncated>0</truncated>
		<difficult>0</difficult>
		<occluded>0</occluded>
		<bndbox>
			<xmin>238</xmin>
			<xmax>311</xmax>
			<ymin>238</ymin>
			<ymax>349</ymax>
		</bndbox>
	</object>
</annotation>
