<annotation>
	<folder></folder>
	<filename>frame_3260_jpg.rf.ec31f4d4753e0ffb9f74f9f199e40818.jpg</filename>
	<path>frame_3260_jpg.rf.ec31f4d4753e0ffb9f74f9f199e40818.jpg</path>
	<source>
		<database>roboflow.ai</database>
	</source>
	<size>
		<width>416</width>
		<height>416</height>
		<depth>3</depth>
	</size>
	<segmented>0</segmented>
	<object>
		<name>THW</name>
		<pose>Unspecified</pose>
		<truncated>0</truncated>
		<difficult>0</difficult>
		<occluded>0</occluded>
		<bndbox>
			<xmin>175</xmin>
			<xmax>328</xmax>
			<ymin>174</ymin>
			<ymax>347</ymax>
		</bndbox>
	</object>
	<object>
		<name>TW</name>
		<pose>Unspecified</pose>
		<truncated>0</truncated>
		<difficult>0</difficult>
		<occluded>0</occluded>
		<bndbox>
			<xmin>118</xmin>
			<xmax>218</xmax>
			<ymin>152</ymin>
			<ymax>320</ymax>
		</bndbox>
	</object>
	<object>
		<name>FW</name>
		<pose>Unspecified</pose>
		<truncated>0</truncated>
		<difficult>0</difficult>
		<occluded>0</occluded>
		<bndbox>
			<xmin>270</xmin>
			<xmax>384</xmax>
			<ymin>206</ymin>
			<ymax>330</ymax>
		</bndbox>
	</object>
	<object>
		<name>FW</name>
		<pose>Unspecified</pose>
		<truncated>0</truncated>
		<difficult>0</difficult>
		<occluded>0</occluded>
		<bndbox>
			<xmin>25</xmin>
			<xmax>127</xmax>
			<ymin>120</ymin>
			<ymax>266</ymax>
		</bndbox>
	</object>
</annotation>
