<annotation>
	<folder></folder>
	<filename>frame_2808_jpg.rf.46f6a1359a20e582d40bff01d246aef4.jpg</filename>
	<path>frame_2808_jpg.rf.46f6a1359a20e582d40bff01d246aef4.jpg</path>
	<source>
		<database>roboflow.ai</database>
	</source>
	<size>
		<width>416</width>
		<height>416</height>
		<depth>3</depth>
	</size>
	<segmented>0</segmented>
	<object>
		<name>TW</name>
		<pose>Unspecified</pose>
		<truncated>0</truncated>
		<difficult>0</difficult>
		<occluded>0</occluded>
		<bndbox>
			<xmin>66</xmin>
			<xmax>93</xmax>
			<ymin>160</ymin>
			<ymax>254</ymax>
		</bndbox>
	</object>
	<object>
		<name>TW</name>
		<pose>Unspecified</pose>
		<truncated>0</truncated>
		<difficult>0</difficult>
		<occluded>0</occluded>
		<bndbox>
			<xmin>107</xmin>
			<xmax>136</xmax>
			<ymin>153</ymin>
			<ymax>229</ymax>
		</bndbox>
	</object>
	<object>
		<name>TW</name>
		<pose>Unspecified</pose>
		<truncated>0</truncated>
		<difficult>0</difficult>
		<occluded>0</occluded>
		<bndbox>
			<xmin>140</xmin>
			<xmax>164</xmax>
			<ymin>152</ymin>
			<ymax>238</ymax>
		</bndbox>
	</object>
</annotation>
