<annotation>
	<folder></folder>
	<filename>frame_3326_jpg.rf.dfa06383664a3ffd3510a580c240c7c3.jpg</filename>
	<path>frame_3326_jpg.rf.dfa06383664a3ffd3510a580c240c7c3.jpg</path>
	<source>
		<database>roboflow.ai</database>
	</source>
	<size>
		<width>416</width>
		<height>416</height>
		<depth>3</depth>
	</size>
	<segmented>0</segmented>
	<object>
		<name>HV</name>
		<pose>Unspecified</pose>
		<truncated>0</truncated>
		<difficult>0</difficult>
		<occluded>0</occluded>
		<bndbox>
			<xmin>35</xmin>
			<xmax>399</xmax>
			<ymin>57</ymin>
			<ymax>332</ymax>
		</bndbox>
	</object>
</annotation>
