<annotation>
	<folder></folder>
	<filename>frame_2251_jpg.rf.01107da33c6ab4d82b002ba498d03896.jpg</filename>
	<path>frame_2251_jpg.rf.01107da33c6ab4d82b002ba498d03896.jpg</path>
	<source>
		<database>roboflow.ai</database>
	</source>
	<size>
		<width>416</width>
		<height>416</height>
		<depth>3</depth>
	</size>
	<segmented>0</segmented>
	<object>
		<name>FW</name>
		<pose>Unspecified</pose>
		<truncated>0</truncated>
		<difficult>0</difficult>
		<occluded>0</occluded>
		<bndbox>
			<xmin>13</xmin>
			<xmax>415</xmax>
			<ymin>14</ymin>
			<ymax>415</ymax>
		</bndbox>
	</object>
</annotation>
