<annotation>
	<folder></folder>
	<filename>frame_3817_jpg.rf.f64756adc9e52347a167604affeb46fe.jpg</filename>
	<path>frame_3817_jpg.rf.f64756adc9e52347a167604affeb46fe.jpg</path>
	<source>
		<database>roboflow.ai</database>
	</source>
	<size>
		<width>416</width>
		<height>416</height>
		<depth>3</depth>
	</size>
	<segmented>0</segmented>
	<object>
		<name>FW</name>
		<pose>Unspecified</pose>
		<truncated>0</truncated>
		<difficult>0</difficult>
		<occluded>0</occluded>
		<bndbox>
			<xmin>85</xmin>
			<xmax>142</xmax>
			<ymin>278</ymin>
			<ymax>415</ymax>
		</bndbox>
	</object>
	<object>
		<name>TW</name>
		<pose>Unspecified</pose>
		<truncated>0</truncated>
		<difficult>0</difficult>
		<occluded>0</occluded>
		<bndbox>
			<xmin>242</xmin>
			<xmax>266</xmax>
			<ymin>207</ymin>
			<ymax>258</ymax>
		</bndbox>
	</object>
</annotation>
