<annotation>
	<folder></folder>
	<filename>frame_4067_jpg.rf.f6e21cc5309210e4e554fd951eadc3f3.jpg</filename>
	<path>frame_4067_jpg.rf.f6e21cc5309210e4e554fd951eadc3f3.jpg</path>
	<source>
		<database>roboflow.ai</database>
	</source>
	<size>
		<width>416</width>
		<height>416</height>
		<depth>3</depth>
	</size>
	<segmented>0</segmented>
	<object>
		<name>TW</name>
		<pose>Unspecified</pose>
		<truncated>0</truncated>
		<difficult>0</difficult>
		<occluded>0</occluded>
		<bndbox>
			<xmin>203</xmin>
			<xmax>242</xmax>
			<ymin>274</ymin>
			<ymax>375</ymax>
		</bndbox>
	</object>
	<object>
		<name>TW</name>
		<pose>Unspecified</pose>
		<truncated>0</truncated>
		<difficult>0</difficult>
		<occluded>0</occluded>
		<bndbox>
			<xmin>167</xmin>
			<xmax>195</xmax>
			<ymin>234</ymin>
			<ymax>301</ymax>
		</bndbox>
	</object>
	<object>
		<name>FW</name>
		<pose>Unspecified</pose>
		<truncated>0</truncated>
		<difficult>0</difficult>
		<occluded>0</occluded>
		<bndbox>
			<xmin>226</xmin>
			<xmax>277</xmax>
			<ymin>202</ymin>
			<ymax>279</ymax>
		</bndbox>
	</object>
</annotation>
