<annotation>
	<folder></folder>
	<filename>frame_3158_jpg.rf.e136451405caf7e97bd4a8802151a196.jpg</filename>
	<path>frame_3158_jpg.rf.e136451405caf7e97bd4a8802151a196.jpg</path>
	<source>
		<database>roboflow.ai</database>
	</source>
	<size>
		<width>416</width>
		<height>416</height>
		<depth>3</depth>
	</size>
	<segmented>0</segmented>
	<object>
		<name>TW</name>
		<pose>Unspecified</pose>
		<truncated>0</truncated>
		<difficult>0</difficult>
		<occluded>0</occluded>
		<bndbox>
			<xmin>91</xmin>
			<xmax>151</xmax>
			<ymin>219</ymin>
			<ymax>329</ymax>
		</bndbox>
	</object>
	<object>
		<name>TW</name>
		<pose>Unspecified</pose>
		<truncated>0</truncated>
		<difficult>0</difficult>
		<occluded>0</occluded>
		<bndbox>
			<xmin>84</xmin>
			<xmax>144</xmax>
			<ymin>166</ymin>
			<ymax>276</ymax>
		</bndbox>
	</object>
</annotation>
