<annotation>
	<folder></folder>
	<filename>frame_171_jpg.rf.117618d5c7b9f386883d6df8efa830b5.jpg</filename>
	<path>frame_171_jpg.rf.117618d5c7b9f386883d6df8efa830b5.jpg</path>
	<source>
		<database>roboflow.ai</database>
	</source>
	<size>
		<width>416</width>
		<height>416</height>
		<depth>3</depth>
	</size>
	<segmented>0</segmented>
	<object>
		<name>FW</name>
		<pose>Unspecified</pose>
		<truncated>0</truncated>
		<difficult>0</difficult>
		<occluded>0</occluded>
		<bndbox>
			<xmin>183</xmin>
			<xmax>258</xmax>
			<ymin>288</ymin>
			<ymax>410</ymax>
		</bndbox>
	</object>
	<object>
		<name>FW</name>
		<pose>Unspecified</pose>
		<truncated>0</truncated>
		<difficult>0</difficult>
		<occluded>0</occluded>
		<bndbox>
			<xmin>158</xmin>
			<xmax>215</xmax>
			<ymin>171</ymin>
			<ymax>267</ymax>
		</bndbox>
	</object>
	<object>
		<name>TW</name>
		<pose>Unspecified</pose>
		<truncated>0</truncated>
		<difficult>0</difficult>
		<occluded>0</occluded>
		<bndbox>
			<xmin>282</xmin>
			<xmax>305</xmax>
			<ymin>99</ymin>
			<ymax>170</ymax>
		</bndbox>
	</object>
	<object>
		<name>TW</name>
		<pose>Unspecified</pose>
		<truncated>0</truncated>
		<difficult>0</difficult>
		<occluded>0</occluded>
		<bndbox>
			<xmin>319</xmin>
			<xmax>345</xmax>
			<ymin>55</ymin>
			<ymax>119</ymax>
		</bndbox>
	</object>
</annotation>
