<annotation>
	<folder></folder>
	<filename>frame_2291_jpg.rf.f375d9d0f66b55bbc88d6c8df057d952.jpg</filename>
	<path>frame_2291_jpg.rf.f375d9d0f66b55bbc88d6c8df057d952.jpg</path>
	<source>
		<database>roboflow.ai</database>
	</source>
	<size>
		<width>416</width>
		<height>416</height>
		<depth>3</depth>
	</size>
	<segmented>0</segmented>
	<object>
		<name>HV</name>
		<pose>Unspecified</pose>
		<truncated>0</truncated>
		<difficult>0</difficult>
		<occluded>0</occluded>
		<bndbox>
			<xmin>0</xmin>
			<xmax>126</xmax>
			<ymin>144</ymin>
			<ymax>405</ymax>
		</bndbox>
	</object>
</annotation>
