<annotation>
	<folder></folder>
	<filename>frame_521_jpg.rf.5334f1bfbe1a883ac9169e21a6e6b77d.jpg</filename>
	<path>frame_521_jpg.rf.5334f1bfbe1a883ac9169e21a6e6b77d.jpg</path>
	<source>
		<database>roboflow.ai</database>
	</source>
	<size>
		<width>416</width>
		<height>416</height>
		<depth>3</depth>
	</size>
	<segmented>0</segmented>
	<object>
		<name>TW</name>
		<pose>Unspecified</pose>
		<truncated>0</truncated>
		<difficult>0</difficult>
		<occluded>0</occluded>
		<bndbox>
			<xmin>302</xmin>
			<xmax>344</xmax>
			<ymin>184</ymin>
			<ymax>267</ymax>
		</bndbox>
	</object>
	<object>
		<name>TW</name>
		<pose>Unspecified</pose>
		<truncated>0</truncated>
		<difficult>0</difficult>
		<occluded>0</occluded>
		<bndbox>
			<xmin>270</xmin>
			<xmax>295</xmax>
			<ymin>96</ymin>
			<ymax>157</ymax>
		</bndbox>
	</object>
	<object>
		<name>TW</name>
		<pose>Unspecified</pose>
		<truncated>0</truncated>
		<difficult>0</difficult>
		<occluded>0</occluded>
		<bndbox>
			<xmin>219</xmin>
			<xmax>245</xmax>
			<ymin>142</ymin>
			<ymax>205</ymax>
		</bndbox>
	</object>
</annotation>
