<annotation>
	<folder></folder>
	<filename>frame_2712_jpg.rf.92aedf130757bf67bc8775c3c590f7a7.jpg</filename>
	<path>frame_2712_jpg.rf.92aedf130757bf67bc8775c3c590f7a7.jpg</path>
	<source>
		<database>roboflow.ai</database>
	</source>
	<size>
		<width>416</width>
		<height>416</height>
		<depth>3</depth>
	</size>
	<segmented>0</segmented>
	<object>
		<name>TW</name>
		<pose>Unspecified</pose>
		<truncated>0</truncated>
		<difficult>0</difficult>
		<occluded>0</occluded>
		<bndbox>
			<xmin>39</xmin>
			<xmax>72</xmax>
			<ymin>272</ymin>
			<ymax>385</ymax>
		</bndbox>
	</object>
	<object>
		<name>TW</name>
		<pose>Unspecified</pose>
		<truncated>0</truncated>
		<difficult>0</difficult>
		<occluded>0</occluded>
		<bndbox>
			<xmin>137</xmin>
			<xmax>175</xmax>
			<ymin>226</ymin>
			<ymax>330</ymax>
		</bndbox>
	</object>
</annotation>
