<annotation>
	<folder></folder>
	<filename>frame_3194_jpg.rf.7ddbce6dcd5651cb9142f56d8d562cd8.jpg</filename>
	<path>frame_3194_jpg.rf.7ddbce6dcd5651cb9142f56d8d562cd8.jpg</path>
	<source>
		<database>roboflow.ai</database>
	</source>
	<size>
		<width>416</width>
		<height>416</height>
		<depth>3</depth>
	</size>
	<segmented>0</segmented>
	<object>
		<name>TW</name>
		<pose>Unspecified</pose>
		<truncated>0</truncated>
		<difficult>0</difficult>
		<occluded>0</occluded>
		<bndbox>
			<xmin>343</xmin>
			<xmax>404</xmax>
			<ymin>277</ymin>
			<ymax>393</ymax>
		</bndbox>
	</object>
</annotation>
