<annotation>
	<folder></folder>
	<filename>frame_3225_jpg.rf.6d501ad72a805da70d67b7c98ffc8278.jpg</filename>
	<path>frame_3225_jpg.rf.6d501ad72a805da70d67b7c98ffc8278.jpg</path>
	<source>
		<database>roboflow.ai</database>
	</source>
	<size>
		<width>416</width>
		<height>416</height>
		<depth>3</depth>
	</size>
	<segmented>0</segmented>
	<object>
		<name>TW</name>
		<pose>Unspecified</pose>
		<truncated>0</truncated>
		<difficult>0</difficult>
		<occluded>0</occluded>
		<bndbox>
			<xmin>252</xmin>
			<xmax>301</xmax>
			<ymin>168</ymin>
			<ymax>257</ymax>
		</bndbox>
	</object>
	<object>
		<name>TW</name>
		<pose>Unspecified</pose>
		<truncated>0</truncated>
		<difficult>0</difficult>
		<occluded>0</occluded>
		<bndbox>
			<xmin>76</xmin>
			<xmax>129</xmax>
			<ymin>172</ymin>
			<ymax>311</ymax>
		</bndbox>
	</object>
	<object>
		<name>TW</name>
		<pose>Unspecified</pose>
		<truncated>0</truncated>
		<difficult>0</difficult>
		<occluded>0</occluded>
		<bndbox>
			<xmin>44</xmin>
			<xmax>75</xmax>
			<ymin>191</ymin>
			<ymax>317</ymax>
		</bndbox>
	</object>
	<object>
		<name>THW</name>
		<pose>Unspecified</pose>
		<truncated>0</truncated>
		<difficult>0</difficult>
		<occluded>0</occluded>
		<bndbox>
			<xmin>104</xmin>
			<xmax>187</xmax>
			<ymin>176</ymin>
			<ymax>285</ymax>
		</bndbox>
	</object>
</annotation>
