<annotation>
	<folder></folder>
	<filename>frame_2514_jpg.rf.78cc4b3350ed5fda717d86d3fb88b2ce.jpg</filename>
	<path>frame_2514_jpg.rf.78cc4b3350ed5fda717d86d3fb88b2ce.jpg</path>
	<source>
		<database>roboflow.ai</database>
	</source>
	<size>
		<width>416</width>
		<height>416</height>
		<depth>3</depth>
	</size>
	<segmented>0</segmented>
	<object>
		<name>TW</name>
		<pose>Unspecified</pose>
		<truncated>0</truncated>
		<difficult>0</difficult>
		<occluded>0</occluded>
		<bndbox>
			<xmin>75</xmin>
			<xmax>114</xmax>
			<ymin>277</ymin>
			<ymax>383</ymax>
		</bndbox>
	</object>
	<object>
		<name>TW</name>
		<pose>Unspecified</pose>
		<truncated>0</truncated>
		<difficult>0</difficult>
		<occluded>0</occluded>
		<bndbox>
			<xmin>109</xmin>
			<xmax>148</xmax>
			<ymin>237</ymin>
			<ymax>343</ymax>
		</bndbox>
	</object>
</annotation>
