<annotation>
	<folder></folder>
	<filename>frame_1451_jpg.rf.fa492a2006a2b72f47a5a45b143fec9a.jpg</filename>
	<path>frame_1451_jpg.rf.fa492a2006a2b72f47a5a45b143fec9a.jpg</path>
	<source>
		<database>roboflow.ai</database>
	</source>
	<size>
		<width>416</width>
		<height>416</height>
		<depth>3</depth>
	</size>
	<segmented>0</segmented>
	<object>
		<name>THW</name>
		<pose>Unspecified</pose>
		<truncated>0</truncated>
		<difficult>0</difficult>
		<occluded>0</occluded>
		<bndbox>
			<xmin>268</xmin>
			<xmax>388</xmax>
			<ymin>86</ymin>
			<ymax>284</ymax>
		</bndbox>
	</object>
	<object>
		<name>THW</name>
		<pose>Unspecified</pose>
		<truncated>0</truncated>
		<difficult>0</difficult>
		<occluded>0</occluded>
		<bndbox>
			<xmin>222</xmin>
			<xmax>279</xmax>
			<ymin>87</ymin>
			<ymax>257</ymax>
		</bndbox>
	</object>
	<object>
		<name>HV</name>
		<pose>Unspecified</pose>
		<truncated>0</truncated>
		<difficult>0</difficult>
		<occluded>0</occluded>
		<bndbox>
			<xmin>368</xmin>
			<xmax>415</xmax>
			<ymin>39</ymin>
			<ymax>87</ymax>
		</bndbox>
	</object>
</annotation>
