<annotation>
	<folder></folder>
	<filename>frame_2513_jpg.rf.2547819018f1b4b205c4f9a5b7abf09c.jpg</filename>
	<path>frame_2513_jpg.rf.2547819018f1b4b205c4f9a5b7abf09c.jpg</path>
	<source>
		<database>roboflow.ai</database>
	</source>
	<size>
		<width>416</width>
		<height>416</height>
		<depth>3</depth>
	</size>
	<segmented>0</segmented>
	<object>
		<name>TW</name>
		<pose>Unspecified</pose>
		<truncated>0</truncated>
		<difficult>0</difficult>
		<occluded>0</occluded>
		<bndbox>
			<xmin>237</xmin>
			<xmax>275</xmax>
			<ymin>241</ymin>
			<ymax>359</ymax>
		</bndbox>
	</object>
	<object>
		<name>TW</name>
		<pose>Unspecified</pose>
		<truncated>0</truncated>
		<difficult>0</difficult>
		<occluded>0</occluded>
		<bndbox>
			<xmin>288</xmin>
			<xmax>326</xmax>
			<ymin>254</ymin>
			<ymax>372</ymax>
		</bndbox>
	</object>
	<object>
		<name>TW</name>
		<pose>Unspecified</pose>
		<truncated>0</truncated>
		<difficult>0</difficult>
		<occluded>0</occluded>
		<bndbox>
			<xmin>224</xmin>
			<xmax>262</xmax>
			<ymin>160</ymin>
			<ymax>255</ymax>
		</bndbox>
	</object>
	<object>
		<name>THW</name>
		<pose>Unspecified</pose>
		<truncated>0</truncated>
		<difficult>0</difficult>
		<occluded>0</occluded>
		<bndbox>
			<xmin>293</xmin>
			<xmax>346</xmax>
			<ymin>180</ymin>
			<ymax>297</ymax>
		</bndbox>
	</object>
</annotation>
