<annotation>
	<folder></folder>
	<filename>frame_1487_jpg.rf.a07e780711e581eda0e6741ef04903d7.jpg</filename>
	<path>frame_1487_jpg.rf.a07e780711e581eda0e6741ef04903d7.jpg</path>
	<source>
		<database>roboflow.ai</database>
	</source>
	<size>
		<width>416</width>
		<height>416</height>
		<depth>3</depth>
	</size>
	<segmented>0</segmented>
	<object>
		<name>THW</name>
		<pose>Unspecified</pose>
		<truncated>0</truncated>
		<difficult>0</difficult>
		<occluded>0</occluded>
		<bndbox>
			<xmin>72</xmin>
			<xmax>388</xmax>
			<ymin>53</ymin>
			<ymax>361</ymax>
		</bndbox>
	</object>
</annotation>
