<annotation>
	<folder></folder>
	<filename>frame_2284_jpg.rf.e0dfa9e6437e3df4043af26e8a3b0f6f.jpg</filename>
	<path>frame_2284_jpg.rf.e0dfa9e6437e3df4043af26e8a3b0f6f.jpg</path>
	<source>
		<database>roboflow.ai</database>
	</source>
	<size>
		<width>416</width>
		<height>416</height>
		<depth>3</depth>
	</size>
	<segmented>0</segmented>
	<object>
		<name>HV</name>
		<pose>Unspecified</pose>
		<truncated>0</truncated>
		<difficult>0</difficult>
		<occluded>0</occluded>
		<bndbox>
			<xmin>163</xmin>
			<xmax>237</xmax>
			<ymin>209</ymin>
			<ymax>305</ymax>
		</bndbox>
	</object>
	<object>
		<name>HV</name>
		<pose>Unspecified</pose>
		<truncated>0</truncated>
		<difficult>0</difficult>
		<occluded>0</occluded>
		<bndbox>
			<xmin>182</xmin>
			<xmax>415</xmax>
			<ymin>41</ymin>
			<ymax>384</ymax>
		</bndbox>
	</object>
</annotation>
