<annotation>
	<folder></folder>
	<filename>frame_1523_jpg.rf.4124263ca9c24c5a6170b145f59af6e3.jpg</filename>
	<path>frame_1523_jpg.rf.4124263ca9c24c5a6170b145f59af6e3.jpg</path>
	<source>
		<database>roboflow.ai</database>
	</source>
	<size>
		<width>416</width>
		<height>416</height>
		<depth>3</depth>
	</size>
	<segmented>0</segmented>
	<object>
		<name>THW</name>
		<pose>Unspecified</pose>
		<truncated>0</truncated>
		<difficult>0</difficult>
		<occluded>0</occluded>
		<bndbox>
			<xmin>30</xmin>
			<xmax>383</xmax>
			<ymin>64</ymin>
			<ymax>332</ymax>
		</bndbox>
	</object>
</annotation>
