<annotation>
	<folder></folder>
	<filename>frame_1655_jpg.rf.2fde1715ff723267551778196c3fce62.jpg</filename>
	<path>frame_1655_jpg.rf.2fde1715ff723267551778196c3fce62.jpg</path>
	<source>
		<database>roboflow.ai</database>
	</source>
	<size>
		<width>416</width>
		<height>416</height>
		<depth>3</depth>
	</size>
	<segmented>0</segmented>
	<object>
		<name>THW</name>
		<pose>Unspecified</pose>
		<truncated>0</truncated>
		<difficult>0</difficult>
		<occluded>0</occluded>
		<bndbox>
			<xmin>13</xmin>
			<xmax>338</xmax>
			<ymin>127</ymin>
			<ymax>323</ymax>
		</bndbox>
	</object>
	<object>
		<name>THW</name>
		<pose>Unspecified</pose>
		<truncated>0</truncated>
		<difficult>0</difficult>
		<occluded>0</occluded>
		<bndbox>
			<xmin>334</xmin>
			<xmax>413</xmax>
			<ymin>99</ymin>
			<ymax>210</ymax>
		</bndbox>
	</object>
	<object>
		<name>HV</name>
		<pose>Unspecified</pose>
		<truncated>0</truncated>
		<difficult>0</difficult>
		<occluded>0</occluded>
		<bndbox>
			<xmin>0</xmin>
			<xmax>289</xmax>
			<ymin>48</ymin>
			<ymax>114</ymax>
		</bndbox>
	</object>
</annotation>
