<annotation>
	<folder></folder>
	<filename>frame_1405_jpg.rf.90a60688878246b53c87dfb2081a48fb.jpg</filename>
	<path>frame_1405_jpg.rf.90a60688878246b53c87dfb2081a48fb.jpg</path>
	<source>
		<database>roboflow.ai</database>
	</source>
	<size>
		<width>416</width>
		<height>416</height>
		<depth>3</depth>
	</size>
	<segmented>0</segmented>
	<object>
		<name>HV</name>
		<pose>Unspecified</pose>
		<truncated>0</truncated>
		<difficult>0</difficult>
		<occluded>0</occluded>
		<bndbox>
			<xmin>91</xmin>
			<xmax>165</xmax>
			<ymin>182</ymin>
			<ymax>357</ymax>
		</bndbox>
	</object>
	<object>
		<name>TW</name>
		<pose>Unspecified</pose>
		<truncated>0</truncated>
		<difficult>0</difficult>
		<occluded>0</occluded>
		<bndbox>
			<xmin>325</xmin>
			<xmax>354</xmax>
			<ymin>45</ymin>
			<ymax>105</ymax>
		</bndbox>
	</object>
	<object>
		<name>TW</name>
		<pose>Unspecified</pose>
		<truncated>0</truncated>
		<difficult>0</difficult>
		<occluded>0</occluded>
		<bndbox>
			<xmin>319</xmin>
			<xmax>348</xmax>
			<ymin>308</ymin>
			<ymax>404</ymax>
		</bndbox>
	</object>
	<object>
		<name>FW</name>
		<pose>Unspecified</pose>
		<truncated>0</truncated>
		<difficult>0</difficult>
		<occluded>0</occluded>
		<bndbox>
			<xmin>181</xmin>
			<xmax>251</xmax>
			<ymin>339</ymin>
			<ymax>410</ymax>
		</bndbox>
	</object>
</annotation>
