<annotation>
	<folder></folder>
	<filename>frame_1608_jpg.rf.e2cecc3b1a20aa7e690858587b042b7e.jpg</filename>
	<path>frame_1608_jpg.rf.e2cecc3b1a20aa7e690858587b042b7e.jpg</path>
	<source>
		<database>roboflow.ai</database>
	</source>
	<size>
		<width>416</width>
		<height>416</height>
		<depth>3</depth>
	</size>
	<segmented>0</segmented>
	<object>
		<name>THW</name>
		<pose>Unspecified</pose>
		<truncated>0</truncated>
		<difficult>0</difficult>
		<occluded>0</occluded>
		<bndbox>
			<xmin>69</xmin>
			<xmax>415</xmax>
			<ymin>12</ymin>
			<ymax>348</ymax>
		</bndbox>
	</object>
	<object>
		<name>HV</name>
		<pose>Unspecified</pose>
		<truncated>0</truncated>
		<difficult>0</difficult>
		<occluded>0</occluded>
		<bndbox>
			<xmin>20</xmin>
			<xmax>73</xmax>
			<ymin>93</ymin>
			<ymax>144</ymax>
		</bndbox>
	</object>
</annotation>
