<annotation>
	<folder></folder>
	<filename>frame_3292_jpg.rf.07a46e396ae47d2b967cca5dafc912e0.jpg</filename>
	<path>frame_3292_jpg.rf.07a46e396ae47d2b967cca5dafc912e0.jpg</path>
	<source>
		<database>roboflow.ai</database>
	</source>
	<size>
		<width>416</width>
		<height>416</height>
		<depth>3</depth>
	</size>
	<segmented>0</segmented>
	<object>
		<name>HV</name>
		<pose>Unspecified</pose>
		<truncated>0</truncated>
		<difficult>0</difficult>
		<occluded>0</occluded>
		<bndbox>
			<xmin>153</xmin>
			<xmax>352</xmax>
			<ymin>30</ymin>
			<ymax>283</ymax>
		</bndbox>
	</object>
	<object>
		<name>HV</name>
		<pose>Unspecified</pose>
		<truncated>0</truncated>
		<difficult>0</difficult>
		<occluded>0</occluded>
		<bndbox>
			<xmin>0</xmin>
			<xmax>163</xmax>
			<ymin>11</ymin>
			<ymax>409</ymax>
		</bndbox>
	</object>
	<object>
		<name>TW</name>
		<pose>Unspecified</pose>
		<truncated>0</truncated>
		<difficult>0</difficult>
		<occluded>0</occluded>
		<bndbox>
			<xmin>306</xmin>
			<xmax>357</xmax>
			<ymin>122</ymin>
			<ymax>288</ymax>
		</bndbox>
	</object>
</annotation>
