<annotation>
	<folder></folder>
	<filename>frame_2028_jpg.rf.620fb0c5667d01cf63b1f84e4667b5f2.jpg</filename>
	<path>frame_2028_jpg.rf.620fb0c5667d01cf63b1f84e4667b5f2.jpg</path>
	<source>
		<database>roboflow.ai</database>
	</source>
	<size>
		<width>416</width>
		<height>416</height>
		<depth>3</depth>
	</size>
	<segmented>0</segmented>
	<object>
		<name>THW</name>
		<pose>Unspecified</pose>
		<truncated>0</truncated>
		<difficult>0</difficult>
		<occluded>0</occluded>
		<bndbox>
			<xmin>128</xmin>
			<xmax>415</xmax>
			<ymin>108</ymin>
			<ymax>403</ymax>
		</bndbox>
	</object>
</annotation>
