<annotation>
	<folder></folder>
	<filename>frame_2609_jpg.rf.e9d3d5339ed76d855909dd4380f57b2b.jpg</filename>
	<path>frame_2609_jpg.rf.e9d3d5339ed76d855909dd4380f57b2b.jpg</path>
	<source>
		<database>roboflow.ai</database>
	</source>
	<size>
		<width>416</width>
		<height>416</height>
		<depth>3</depth>
	</size>
	<segmented>0</segmented>
	<object>
		<name>TW</name>
		<pose>Unspecified</pose>
		<truncated>0</truncated>
		<difficult>0</difficult>
		<occluded>0</occluded>
		<bndbox>
			<xmin>125</xmin>
			<xmax>169</xmax>
			<ymin>222</ymin>
			<ymax>354</ymax>
		</bndbox>
	</object>
	<object>
		<name>TW</name>
		<pose>Unspecified</pose>
		<truncated>0</truncated>
		<difficult>0</difficult>
		<occluded>0</occluded>
		<bndbox>
			<xmin>166</xmin>
			<xmax>210</xmax>
			<ymin>173</ymin>
			<ymax>305</ymax>
		</bndbox>
	</object>
</annotation>
