<annotation>
	<folder></folder>
	<filename>frame_1700_jpg.rf.4147a56b32c058b1c49579e9f9c86e0f.jpg</filename>
	<path>frame_1700_jpg.rf.4147a56b32c058b1c49579e9f9c86e0f.jpg</path>
	<source>
		<database>roboflow.ai</database>
	</source>
	<size>
		<width>416</width>
		<height>416</height>
		<depth>3</depth>
	</size>
	<segmented>0</segmented>
	<object>
		<name>THW</name>
		<pose>Unspecified</pose>
		<truncated>0</truncated>
		<difficult>0</difficult>
		<occluded>0</occluded>
		<bndbox>
			<xmin>207</xmin>
			<xmax>404</xmax>
			<ymin>127</ymin>
			<ymax>402</ymax>
		</bndbox>
	</object>
	<object>
		<name>THW</name>
		<pose>Unspecified</pose>
		<truncated>0</truncated>
		<difficult>0</difficult>
		<occluded>0</occluded>
		<bndbox>
			<xmin>59</xmin>
			<xmax>242</xmax>
			<ymin>180</ymin>
			<ymax>415</ymax>
		</bndbox>
	</object>
</annotation>
