<annotation>
	<folder></folder>
	<filename>frame_3_jpg.rf.73553a987c876b991cd42353a86f86a7.jpg</filename>
	<path>frame_3_jpg.rf.73553a987c876b991cd42353a86f86a7.jpg</path>
	<source>
		<database>roboflow.ai</database>
	</source>
	<size>
		<width>416</width>
		<height>416</height>
		<depth>3</depth>
	</size>
	<segmented>0</segmented>
	<object>
		<name>FW</name>
		<pose>Unspecified</pose>
		<truncated>0</truncated>
		<difficult>0</difficult>
		<occluded>0</occluded>
		<bndbox>
			<xmin>247</xmin>
			<xmax>316</xmax>
			<ymin>297</ymin>
			<ymax>409</ymax>
		</bndbox>
	</object>
	<object>
		<name>FW</name>
		<pose>Unspecified</pose>
		<truncated>0</truncated>
		<difficult>0</difficult>
		<occluded>0</occluded>
		<bndbox>
			<xmin>165</xmin>
			<xmax>206</xmax>
			<ymin>65</ymin>
			<ymax>136</ymax>
		</bndbox>
	</object>
	<object>
		<name>FW</name>
		<pose>Unspecified</pose>
		<truncated>0</truncated>
		<difficult>0</difficult>
		<occluded>0</occluded>
		<bndbox>
			<xmin>258</xmin>
			<xmax>306</xmax>
			<ymin>94</ymin>
			<ymax>166</ymax>
		</bndbox>
	</object>
</annotation>
