<annotation>
	<folder></folder>
	<filename>frame_3242_jpg.rf.e5c0cce02679c690c22a64abf1d813ec.jpg</filename>
	<path>frame_3242_jpg.rf.e5c0cce02679c690c22a64abf1d813ec.jpg</path>
	<source>
		<database>roboflow.ai</database>
	</source>
	<size>
		<width>416</width>
		<height>416</height>
		<depth>3</depth>
	</size>
	<segmented>0</segmented>
	<object>
		<name>FW</name>
		<pose>Unspecified</pose>
		<truncated>0</truncated>
		<difficult>0</difficult>
		<occluded>0</occluded>
		<bndbox>
			<xmin>195</xmin>
			<xmax>317</xmax>
			<ymin>240</ymin>
			<ymax>413</ymax>
		</bndbox>
	</object>
	<object>
		<name>FW</name>
		<pose>Unspecified</pose>
		<truncated>0</truncated>
		<difficult>0</difficult>
		<occluded>0</occluded>
		<bndbox>
			<xmin>196</xmin>
			<xmax>269</xmax>
			<ymin>208</ymin>
			<ymax>292</ymax>
		</bndbox>
	</object>
</annotation>
