<annotation>
	<folder></folder>
	<filename>frame_3276_jpg.rf.9052b498085c343377369f787f1cdb66.jpg</filename>
	<path>frame_3276_jpg.rf.9052b498085c343377369f787f1cdb66.jpg</path>
	<source>
		<database>roboflow.ai</database>
	</source>
	<size>
		<width>416</width>
		<height>416</height>
		<depth>3</depth>
	</size>
	<segmented>0</segmented>
	<object>
		<name>THW</name>
		<pose>Unspecified</pose>
		<truncated>0</truncated>
		<difficult>0</difficult>
		<occluded>0</occluded>
		<bndbox>
			<xmin>181</xmin>
			<xmax>415</xmax>
			<ymin>0</ymin>
			<ymax>368</ymax>
		</bndbox>
	</object>
	<object>
		<name>TW</name>
		<pose>Unspecified</pose>
		<truncated>0</truncated>
		<difficult>0</difficult>
		<occluded>0</occluded>
		<bndbox>
			<xmin>85</xmin>
			<xmax>160</xmax>
			<ymin>134</ymin>
			<ymax>303</ymax>
		</bndbox>
	</object>
	<object>
		<name>TW</name>
		<pose>Unspecified</pose>
		<truncated>0</truncated>
		<difficult>0</difficult>
		<occluded>0</occluded>
		<bndbox>
			<xmin>126</xmin>
			<xmax>201</xmax>
			<ymin>116</ymin>
			<ymax>285</ymax>
		</bndbox>
	</object>
	<object>
		<name>TW</name>
		<pose>Unspecified</pose>
		<truncated>0</truncated>
		<difficult>0</difficult>
		<occluded>0</occluded>
		<bndbox>
			<xmin>49</xmin>
			<xmax>123</xmax>
			<ymin>136</ymin>
			<ymax>303</ymax>
		</bndbox>
	</object>
</annotation>
