<annotation>
	<folder></folder>
	<filename>frame_4059_jpg.rf.e36b0a01a6001e4224fcb04e1baf7e91.jpg</filename>
	<path>frame_4059_jpg.rf.e36b0a01a6001e4224fcb04e1baf7e91.jpg</path>
	<source>
		<database>roboflow.ai</database>
	</source>
	<size>
		<width>416</width>
		<height>416</height>
		<depth>3</depth>
	</size>
	<segmented>0</segmented>
	<object>
		<name>FW</name>
		<pose>Unspecified</pose>
		<truncated>0</truncated>
		<difficult>0</difficult>
		<occluded>0</occluded>
		<bndbox>
			<xmin>109</xmin>
			<xmax>186</xmax>
			<ymin>200</ymin>
			<ymax>308</ymax>
		</bndbox>
	</object>
	<object>
		<name>THW</name>
		<pose>Unspecified</pose>
		<truncated>0</truncated>
		<difficult>0</difficult>
		<occluded>0</occluded>
		<bndbox>
			<xmin>156</xmin>
			<xmax>225</xmax>
			<ymin>285</ymin>
			<ymax>399</ymax>
		</bndbox>
	</object>
</annotation>
