<annotation>
	<folder></folder>
	<filename>frame_856_jpg.rf.bb1bca71fab959b3665ca37968bc0c1b.jpg</filename>
	<path>frame_856_jpg.rf.bb1bca71fab959b3665ca37968bc0c1b.jpg</path>
	<source>
		<database>roboflow.ai</database>
	</source>
	<size>
		<width>416</width>
		<height>416</height>
		<depth>3</depth>
	</size>
	<segmented>0</segmented>
	<object>
		<name>TW</name>
		<pose>Unspecified</pose>
		<truncated>0</truncated>
		<difficult>0</difficult>
		<occluded>0</occluded>
		<bndbox>
			<xmin>313</xmin>
			<xmax>345</xmax>
			<ymin>193</ymin>
			<ymax>295</ymax>
		</bndbox>
	</object>
</annotation>
