<annotation>
	<folder></folder>
	<filename>frame_2602_jpg.rf.58385db57fdbef9fb4eb599e8914d9e7.jpg</filename>
	<path>frame_2602_jpg.rf.58385db57fdbef9fb4eb599e8914d9e7.jpg</path>
	<source>
		<database>roboflow.ai</database>
	</source>
	<size>
		<width>416</width>
		<height>416</height>
		<depth>3</depth>
	</size>
	<segmented>0</segmented>
	<object>
		<name>TW</name>
		<pose>Unspecified</pose>
		<truncated>0</truncated>
		<difficult>0</difficult>
		<occluded>0</occluded>
		<bndbox>
			<xmin>367</xmin>
			<xmax>414</xmax>
			<ymin>186</ymin>
			<ymax>312</ymax>
		</bndbox>
	</object>
	<object>
		<name>TW</name>
		<pose>Unspecified</pose>
		<truncated>0</truncated>
		<difficult>0</difficult>
		<occluded>0</occluded>
		<bndbox>
			<xmin>353</xmin>
			<xmax>396</xmax>
			<ymin>160</ymin>
			<ymax>273</ymax>
		</bndbox>
	</object>
</annotation>
