<annotation>
	<folder></folder>
	<filename>frame_1627_jpg.rf.6097924df8410fb894469010a58c234f.jpg</filename>
	<path>frame_1627_jpg.rf.6097924df8410fb894469010a58c234f.jpg</path>
	<source>
		<database>roboflow.ai</database>
	</source>
	<size>
		<width>416</width>
		<height>416</height>
		<depth>3</depth>
	</size>
	<segmented>0</segmented>
	<object>
		<name>THW</name>
		<pose>Unspecified</pose>
		<truncated>0</truncated>
		<difficult>0</difficult>
		<occluded>0</occluded>
		<bndbox>
			<xmin>111</xmin>
			<xmax>415</xmax>
			<ymin>71</ymin>
			<ymax>369</ymax>
		</bndbox>
	</object>
	<object>
		<name>THW</name>
		<pose>Unspecified</pose>
		<truncated>0</truncated>
		<difficult>0</difficult>
		<occluded>0</occluded>
		<bndbox>
			<xmin>107</xmin>
			<xmax>207</xmax>
			<ymin>64</ymin>
			<ymax>209</ymax>
		</bndbox>
	</object>
	<object>
		<name>FW</name>
		<pose>Unspecified</pose>
		<truncated>0</truncated>
		<difficult>0</difficult>
		<occluded>0</occluded>
		<bndbox>
			<xmin>82</xmin>
			<xmax>150</xmax>
			<ymin>57</ymin>
			<ymax>153</ymax>
		</bndbox>
	</object>
</annotation>
