<annotation>
	<folder></folder>
	<filename>frame_4020_jpg.rf.4658a202a63da3b74a162ae1913b02e2.jpg</filename>
	<path>frame_4020_jpg.rf.4658a202a63da3b74a162ae1913b02e2.jpg</path>
	<source>
		<database>roboflow.ai</database>
	</source>
	<size>
		<width>416</width>
		<height>416</height>
		<depth>3</depth>
	</size>
	<segmented>0</segmented>
	<object>
		<name>FW</name>
		<pose>Unspecified</pose>
		<truncated>0</truncated>
		<difficult>0</difficult>
		<occluded>0</occluded>
		<bndbox>
			<xmin>259</xmin>
			<xmax>309</xmax>
			<ymin>194</ymin>
			<ymax>258</ymax>
		</bndbox>
	</object>
	<object>
		<name>FW</name>
		<pose>Unspecified</pose>
		<truncated>0</truncated>
		<difficult>0</difficult>
		<occluded>0</occluded>
		<bndbox>
			<xmin>191</xmin>
			<xmax>206</xmax>
			<ymin>177</ymin>
			<ymax>219</ymax>
		</bndbox>
	</object>
	<object>
		<name>FW</name>
		<pose>Unspecified</pose>
		<truncated>0</truncated>
		<difficult>0</difficult>
		<occluded>0</occluded>
		<bndbox>
			<xmin>161</xmin>
			<xmax>179</xmax>
			<ymin>182</ymin>
			<ymax>231</ymax>
		</bndbox>
	</object>
	<object>
		<name>FW</name>
		<pose>Unspecified</pose>
		<truncated>0</truncated>
		<difficult>0</difficult>
		<occluded>0</occluded>
		<bndbox>
			<xmin>216</xmin>
			<xmax>238</xmax>
			<ymin>161</ymin>
			<ymax>203</ymax>
		</bndbox>
	</object>
</annotation>
