<annotation>
	<folder></folder>
	<filename>frame_3976_jpg.rf.ba6a633fd22eb36a7f803f9e8bfe3beb.jpg</filename>
	<path>frame_3976_jpg.rf.ba6a633fd22eb36a7f803f9e8bfe3beb.jpg</path>
	<source>
		<database>roboflow.ai</database>
	</source>
	<size>
		<width>416</width>
		<height>416</height>
		<depth>3</depth>
	</size>
	<segmented>0</segmented>
	<object>
		<name>TW</name>
		<pose>Unspecified</pose>
		<truncated>0</truncated>
		<difficult>0</difficult>
		<occluded>0</occluded>
		<bndbox>
			<xmin>165</xmin>
			<xmax>190</xmax>
			<ymin>232</ymin>
			<ymax>291</ymax>
		</bndbox>
	</object>
	<object>
		<name>TW</name>
		<pose>Unspecified</pose>
		<truncated>0</truncated>
		<difficult>0</difficult>
		<occluded>0</occluded>
		<bndbox>
			<xmin>190</xmin>
			<xmax>211</xmax>
			<ymin>214</ymin>
			<ymax>280</ymax>
		</bndbox>
	</object>
	<object>
		<name>FW</name>
		<pose>Unspecified</pose>
		<truncated>0</truncated>
		<difficult>0</difficult>
		<occluded>0</occluded>
		<bndbox>
			<xmin>224</xmin>
			<xmax>261</xmax>
			<ymin>161</ymin>
			<ymax>218</ymax>
		</bndbox>
	</object>
</annotation>
