<annotation>
	<folder></folder>
	<filename>frame_2581_jpg.rf.54d2d2c41898a3fe7aa49cfb16b22e9e.jpg</filename>
	<path>frame_2581_jpg.rf.54d2d2c41898a3fe7aa49cfb16b22e9e.jpg</path>
	<source>
		<database>roboflow.ai</database>
	</source>
	<size>
		<width>416</width>
		<height>416</height>
		<depth>3</depth>
	</size>
	<segmented>0</segmented>
	<object>
		<name>THW</name>
		<pose>Unspecified</pose>
		<truncated>0</truncated>
		<difficult>0</difficult>
		<occluded>0</occluded>
		<bndbox>
			<xmin>279</xmin>
			<xmax>343</xmax>
			<ymin>196</ymin>
			<ymax>313</ymax>
		</bndbox>
	</object>
	<object>
		<name>TW</name>
		<pose>Unspecified</pose>
		<truncated>0</truncated>
		<difficult>0</difficult>
		<occluded>0</occluded>
		<bndbox>
			<xmin>239</xmin>
			<xmax>282</xmax>
			<ymin>249</ymin>
			<ymax>347</ymax>
		</bndbox>
	</object>
</annotation>
