<annotation>
	<folder></folder>
	<filename>frame_2030_jpg.rf.53dbab0b54b619d7b59051558096afa1.jpg</filename>
	<path>frame_2030_jpg.rf.53dbab0b54b619d7b59051558096afa1.jpg</path>
	<source>
		<database>roboflow.ai</database>
	</source>
	<size>
		<width>416</width>
		<height>416</height>
		<depth>3</depth>
	</size>
	<segmented>0</segmented>
	<object>
		<name>THW</name>
		<pose>Unspecified</pose>
		<truncated>0</truncated>
		<difficult>0</difficult>
		<occluded>0</occluded>
		<bndbox>
			<xmin>0</xmin>
			<xmax>319</xmax>
			<ymin>91</ymin>
			<ymax>415</ymax>
		</bndbox>
	</object>
</annotation>
