<annotation>
	<folder></folder>
	<filename>frame_1489_jpg.rf.d3f11c10c27b848238609b3a2c92dfd3.jpg</filename>
	<path>frame_1489_jpg.rf.d3f11c10c27b848238609b3a2c92dfd3.jpg</path>
	<source>
		<database>roboflow.ai</database>
	</source>
	<size>
		<width>416</width>
		<height>416</height>
		<depth>3</depth>
	</size>
	<segmented>0</segmented>
	<object>
		<name>THW</name>
		<pose>Unspecified</pose>
		<truncated>0</truncated>
		<difficult>0</difficult>
		<occluded>0</occluded>
		<bndbox>
			<xmin>140</xmin>
			<xmax>236</xmax>
			<ymin>222</ymin>
			<ymax>390</ymax>
		</bndbox>
	</object>
	<object>
		<name>THW</name>
		<pose>Unspecified</pose>
		<truncated>0</truncated>
		<difficult>0</difficult>
		<occluded>0</occluded>
		<bndbox>
			<xmin>205</xmin>
			<xmax>306</xmax>
			<ymin>207</ymin>
			<ymax>388</ymax>
		</bndbox>
	</object>
</annotation>
