<annotation>
	<folder></folder>
	<filename>frame_2227_jpg.rf.3706502747fff35434f9b46c2670cffb.jpg</filename>
	<path>frame_2227_jpg.rf.3706502747fff35434f9b46c2670cffb.jpg</path>
	<source>
		<database>roboflow.ai</database>
	</source>
	<size>
		<width>416</width>
		<height>416</height>
		<depth>3</depth>
	</size>
	<segmented>0</segmented>
	<object>
		<name>FW</name>
		<pose>Unspecified</pose>
		<truncated>0</truncated>
		<difficult>0</difficult>
		<occluded>0</occluded>
		<bndbox>
			<xmin>292</xmin>
			<xmax>415</xmax>
			<ymin>139</ymin>
			<ymax>371</ymax>
		</bndbox>
	</object>
	<object>
		<name>FW</name>
		<pose>Unspecified</pose>
		<truncated>0</truncated>
		<difficult>0</difficult>
		<occluded>0</occluded>
		<bndbox>
			<xmin>150</xmin>
			<xmax>187</xmax>
			<ymin>335</ymin>
			<ymax>369</ymax>
		</bndbox>
	</object>
	<object>
		<name>FW</name>
		<pose>Unspecified</pose>
		<truncated>0</truncated>
		<difficult>0</difficult>
		<occluded>0</occluded>
		<bndbox>
			<xmin>95</xmin>
			<xmax>137</xmax>
			<ymin>325</ymin>
			<ymax>370</ymax>
		</bndbox>
	</object>
</annotation>
