<annotation>
	<folder></folder>
	<filename>frame_4047_jpg.rf.c6b1a69ee357fe2b765b5e825a20437c.jpg</filename>
	<path>frame_4047_jpg.rf.c6b1a69ee357fe2b765b5e825a20437c.jpg</path>
	<source>
		<database>roboflow.ai</database>
	</source>
	<size>
		<width>416</width>
		<height>416</height>
		<depth>3</depth>
	</size>
	<segmented>0</segmented>
	<object>
		<name>HV</name>
		<pose>Unspecified</pose>
		<truncated>0</truncated>
		<difficult>0</difficult>
		<occluded>0</occluded>
		<bndbox>
			<xmin>191</xmin>
			<xmax>264</xmax>
			<ymin>132</ymin>
			<ymax>260</ymax>
		</bndbox>
	</object>
	<object>
		<name>TW</name>
		<pose>Unspecified</pose>
		<truncated>0</truncated>
		<difficult>0</difficult>
		<occluded>0</occluded>
		<bndbox>
			<xmin>163</xmin>
			<xmax>186</xmax>
			<ymin>214</ymin>
			<ymax>273</ymax>
		</bndbox>
	</object>
</annotation>
