<annotation>
	<folder></folder>
	<filename>frame_2846_jpg.rf.11a2a258067e42134b784e23b6376fb6.jpg</filename>
	<path>frame_2846_jpg.rf.11a2a258067e42134b784e23b6376fb6.jpg</path>
	<source>
		<database>roboflow.ai</database>
	</source>
	<size>
		<width>416</width>
		<height>416</height>
		<depth>3</depth>
	</size>
	<segmented>0</segmented>
	<object>
		<name>TW</name>
		<pose>Unspecified</pose>
		<truncated>0</truncated>
		<difficult>0</difficult>
		<occluded>0</occluded>
		<bndbox>
			<xmin>294</xmin>
			<xmax>334</xmax>
			<ymin>275</ymin>
			<ymax>386</ymax>
		</bndbox>
	</object>
	<object>
		<name>TW</name>
		<pose>Unspecified</pose>
		<truncated>0</truncated>
		<difficult>0</difficult>
		<occluded>0</occluded>
		<bndbox>
			<xmin>363</xmin>
			<xmax>403</xmax>
			<ymin>296</ymin>
			<ymax>407</ymax>
		</bndbox>
	</object>
	<object>
		<name>TW</name>
		<pose>Unspecified</pose>
		<truncated>0</truncated>
		<difficult>0</difficult>
		<occluded>0</occluded>
		<bndbox>
			<xmin>270</xmin>
			<xmax>307</xmax>
			<ymin>176</ymin>
			<ymax>265</ymax>
		</bndbox>
	</object>
</annotation>
