<annotation>
	<folder></folder>
	<filename>frame_2366_jpg.rf.dac1f4993ea6223537d5ad3da9b24985.jpg</filename>
	<path>frame_2366_jpg.rf.dac1f4993ea6223537d5ad3da9b24985.jpg</path>
	<source>
		<database>roboflow.ai</database>
	</source>
	<size>
		<width>416</width>
		<height>416</height>
		<depth>3</depth>
	</size>
	<segmented>0</segmented>
	<object>
		<name>TW</name>
		<pose>Unspecified</pose>
		<truncated>0</truncated>
		<difficult>0</difficult>
		<occluded>0</occluded>
		<bndbox>
			<xmin>232</xmin>
			<xmax>277</xmax>
			<ymin>127</ymin>
			<ymax>200</ymax>
		</bndbox>
	</object>
</annotation>
