<annotation>
	<folder></folder>
	<filename>frame_3928_jpg.rf.75cb1d3f39df5de73364b75ded0ac5c5.jpg</filename>
	<path>frame_3928_jpg.rf.75cb1d3f39df5de73364b75ded0ac5c5.jpg</path>
	<source>
		<database>roboflow.ai</database>
	</source>
	<size>
		<width>416</width>
		<height>416</height>
		<depth>3</depth>
	</size>
	<segmented>0</segmented>
	<object>
		<name>FW</name>
		<pose>Unspecified</pose>
		<truncated>0</truncated>
		<difficult>0</difficult>
		<occluded>0</occluded>
		<bndbox>
			<xmin>80</xmin>
			<xmax>147</xmax>
			<ymin>249</ymin>
			<ymax>354</ymax>
		</bndbox>
	</object>
	<object>
		<name>FW</name>
		<pose>Unspecified</pose>
		<truncated>0</truncated>
		<difficult>0</difficult>
		<occluded>0</occluded>
		<bndbox>
			<xmin>181</xmin>
			<xmax>218</xmax>
			<ymin>190</ymin>
			<ymax>263</ymax>
		</bndbox>
	</object>
	<object>
		<name>TW</name>
		<pose>Unspecified</pose>
		<truncated>0</truncated>
		<difficult>0</difficult>
		<occluded>0</occluded>
		<bndbox>
			<xmin>164</xmin>
			<xmax>181</xmax>
			<ymin>185</ymin>
			<ymax>233</ymax>
		</bndbox>
	</object>
	<object>
		<name>TW</name>
		<pose>Unspecified</pose>
		<truncated>0</truncated>
		<difficult>0</difficult>
		<occluded>0</occluded>
		<bndbox>
			<xmin>234</xmin>
			<xmax>253</xmax>
			<ymin>213</ymin>
			<ymax>262</ymax>
		</bndbox>
	</object>
</annotation>
