<annotation>
	<folder></folder>
	<filename>frame_1344_jpg.rf.72d302caf4199b5d6392b99c114bd13c.jpg</filename>
	<path>frame_1344_jpg.rf.72d302caf4199b5d6392b99c114bd13c.jpg</path>
	<source>
		<database>roboflow.ai</database>
	</source>
	<size>
		<width>416</width>
		<height>416</height>
		<depth>3</depth>
	</size>
	<segmented>0</segmented>
	<object>
		<name>TW</name>
		<pose>Unspecified</pose>
		<truncated>0</truncated>
		<difficult>0</difficult>
		<occluded>0</occluded>
		<bndbox>
			<xmin>243</xmin>
			<xmax>274</xmax>
			<ymin>155</ymin>
			<ymax>247</ymax>
		</bndbox>
	</object>
	<object>
		<name>TW</name>
		<pose>Unspecified</pose>
		<truncated>0</truncated>
		<difficult>0</difficult>
		<occluded>0</occluded>
		<bndbox>
			<xmin>294</xmin>
			<xmax>332</xmax>
			<ymin>213</ymin>
			<ymax>300</ymax>
		</bndbox>
	</object>
</annotation>
