<annotation>
	<folder></folder>
	<filename>frame_1444_jpg.rf.20ffaff2fb463d774894a2cbf927180b.jpg</filename>
	<path>frame_1444_jpg.rf.20ffaff2fb463d774894a2cbf927180b.jpg</path>
	<source>
		<database>roboflow.ai</database>
	</source>
	<size>
		<width>416</width>
		<height>416</height>
		<depth>3</depth>
	</size>
	<segmented>0</segmented>
	<object>
		<name>THW</name>
		<pose>Unspecified</pose>
		<truncated>0</truncated>
		<difficult>0</difficult>
		<occluded>0</occluded>
		<bndbox>
			<xmin>116</xmin>
			<xmax>322</xmax>
			<ymin>43</ymin>
			<ymax>361</ymax>
		</bndbox>
	</object>
	<object>
		<name>TW</name>
		<pose>Unspecified</pose>
		<truncated>0</truncated>
		<difficult>0</difficult>
		<occluded>0</occluded>
		<bndbox>
			<xmin>66</xmin>
			<xmax>155</xmax>
			<ymin>40</ymin>
			<ymax>209</ymax>
		</bndbox>
	</object>
	<object>
		<name>TW</name>
		<pose>Unspecified</pose>
		<truncated>0</truncated>
		<difficult>0</difficult>
		<occluded>0</occluded>
		<bndbox>
			<xmin>0</xmin>
			<xmax>97</xmax>
			<ymin>9</ymin>
			<ymax>227</ymax>
		</bndbox>
	</object>
	<object>
		<name>TW</name>
		<pose>Unspecified</pose>
		<truncated>0</truncated>
		<difficult>0</difficult>
		<occluded>0</occluded>
		<bndbox>
			<xmin>293</xmin>
			<xmax>345</xmax>
			<ymin>112</ymin>
			<ymax>214</ymax>
		</bndbox>
	</object>
</annotation>
