<annotation>
	<folder></folder>
	<filename>frame_1886_jpg.rf.4efc2788bfa12d2531c293dc5d5d79f2.jpg</filename>
	<path>frame_1886_jpg.rf.4efc2788bfa12d2531c293dc5d5d79f2.jpg</path>
	<source>
		<database>roboflow.ai</database>
	</source>
	<size>
		<width>416</width>
		<height>416</height>
		<depth>3</depth>
	</size>
	<segmented>0</segmented>
	<object>
		<name>TW</name>
		<pose>Unspecified</pose>
		<truncated>0</truncated>
		<difficult>0</difficult>
		<occluded>0</occluded>
		<bndbox>
			<xmin>0</xmin>
			<xmax>91</xmax>
			<ymin>185</ymin>
			<ymax>392</ymax>
		</bndbox>
	</object>
	<object>
		<name>THW</name>
		<pose>Unspecified</pose>
		<truncated>0</truncated>
		<difficult>0</difficult>
		<occluded>0</occluded>
		<bndbox>
			<xmin>74</xmin>
			<xmax>378</xmax>
			<ymin>21</ymin>
			<ymax>410</ymax>
		</bndbox>
	</object>
</annotation>
