<annotation>
	<folder></folder>
	<filename>frame_2569_jpg.rf.4abdd797cc62fa8a9b76db913dd7b1b1.jpg</filename>
	<path>frame_2569_jpg.rf.4abdd797cc62fa8a9b76db913dd7b1b1.jpg</path>
	<source>
		<database>roboflow.ai</database>
	</source>
	<size>
		<width>416</width>
		<height>416</height>
		<depth>3</depth>
	</size>
	<segmented>0</segmented>
	<object>
		<name>TW</name>
		<pose>Unspecified</pose>
		<truncated>0</truncated>
		<difficult>0</difficult>
		<occluded>0</occluded>
		<bndbox>
			<xmin>318</xmin>
			<xmax>355</xmax>
			<ymin>194</ymin>
			<ymax>310</ymax>
		</bndbox>
	</object>
</annotation>
