<annotation>
	<folder></folder>
	<filename>frame_2392_jpg.rf.4b71892839530ec55a7347b2975c5007.jpg</filename>
	<path>frame_2392_jpg.rf.4b71892839530ec55a7347b2975c5007.jpg</path>
	<source>
		<database>roboflow.ai</database>
	</source>
	<size>
		<width>416</width>
		<height>416</height>
		<depth>3</depth>
	</size>
	<segmented>0</segmented>
	<object>
		<name>HV</name>
		<pose>Unspecified</pose>
		<truncated>0</truncated>
		<difficult>0</difficult>
		<occluded>0</occluded>
		<bndbox>
			<xmin>52</xmin>
			<xmax>253</xmax>
			<ymin>33</ymin>
			<ymax>263</ymax>
		</bndbox>
	</object>
	<object>
		<name>HV</name>
		<pose>Unspecified</pose>
		<truncated>0</truncated>
		<difficult>0</difficult>
		<occluded>0</occluded>
		<bndbox>
			<xmin>200</xmin>
			<xmax>415</xmax>
			<ymin>0</ymin>
			<ymax>263</ymax>
		</bndbox>
	</object>
</annotation>
