<annotation>
	<folder></folder>
	<filename>frame_3113_jpg.rf.bb956635975cf1d93226a33e84dc76d0.jpg</filename>
	<path>frame_3113_jpg.rf.bb956635975cf1d93226a33e84dc76d0.jpg</path>
	<source>
		<database>roboflow.ai</database>
	</source>
	<size>
		<width>416</width>
		<height>416</height>
		<depth>3</depth>
	</size>
	<segmented>0</segmented>
	<object>
		<name>THW</name>
		<pose>Unspecified</pose>
		<truncated>0</truncated>
		<difficult>0</difficult>
		<occluded>0</occluded>
		<bndbox>
			<xmin>4</xmin>
			<xmax>82</xmax>
			<ymin>160</ymin>
			<ymax>311</ymax>
		</bndbox>
	</object>
	<object>
		<name>TW</name>
		<pose>Unspecified</pose>
		<truncated>0</truncated>
		<difficult>0</difficult>
		<occluded>0</occluded>
		<bndbox>
			<xmin>159</xmin>
			<xmax>218</xmax>
			<ymin>258</ymin>
			<ymax>401</ymax>
		</bndbox>
	</object>
	<object>
		<name>TW</name>
		<pose>Unspecified</pose>
		<truncated>0</truncated>
		<difficult>0</difficult>
		<occluded>0</occluded>
		<bndbox>
			<xmin>121</xmin>
			<xmax>180</xmax>
			<ymin>256</ymin>
			<ymax>399</ymax>
		</bndbox>
	</object>
	<object>
		<name>TW</name>
		<pose>Unspecified</pose>
		<truncated>0</truncated>
		<difficult>0</difficult>
		<occluded>0</occluded>
		<bndbox>
			<xmin>73</xmin>
			<xmax>132</xmax>
			<ymin>212</ymin>
			<ymax>355</ymax>
		</bndbox>
	</object>
</annotation>
