<annotation>
	<folder></folder>
	<filename>frame_1378_jpg.rf.274792fa2d17f3acead4265a0f4f3568.jpg</filename>
	<path>frame_1378_jpg.rf.274792fa2d17f3acead4265a0f4f3568.jpg</path>
	<source>
		<database>roboflow.ai</database>
	</source>
	<size>
		<width>416</width>
		<height>416</height>
		<depth>3</depth>
	</size>
	<segmented>0</segmented>
	<object>
		<name>TW</name>
		<pose>Unspecified</pose>
		<truncated>0</truncated>
		<difficult>0</difficult>
		<occluded>0</occluded>
		<bndbox>
			<xmin>135</xmin>
			<xmax>166</xmax>
			<ymin>147</ymin>
			<ymax>223</ymax>
		</bndbox>
	</object>
	<object>
		<name>TW</name>
		<pose>Unspecified</pose>
		<truncated>0</truncated>
		<difficult>0</difficult>
		<occluded>0</occluded>
		<bndbox>
			<xmin>297</xmin>
			<xmax>330</xmax>
			<ymin>136</ymin>
			<ymax>211</ymax>
		</bndbox>
	</object>
	<object>
		<name>TW</name>
		<pose>Unspecified</pose>
		<truncated>0</truncated>
		<difficult>0</difficult>
		<occluded>0</occluded>
		<bndbox>
			<xmin>311</xmin>
			<xmax>339</xmax>
			<ymin>27</ymin>
			<ymax>82</ymax>
		</bndbox>
	</object>
</annotation>
