<annotation>
	<folder></folder>
	<filename>frame_2021_jpg.rf.04f061553568941d5a11da59bc6e066e.jpg</filename>
	<path>frame_2021_jpg.rf.04f061553568941d5a11da59bc6e066e.jpg</path>
	<source>
		<database>roboflow.ai</database>
	</source>
	<size>
		<width>416</width>
		<height>416</height>
		<depth>3</depth>
	</size>
	<segmented>0</segmented>
	<object>
		<name>THW</name>
		<pose>Unspecified</pose>
		<truncated>0</truncated>
		<difficult>0</difficult>
		<occluded>0</occluded>
		<bndbox>
			<xmin>2</xmin>
			<xmax>338</xmax>
			<ymin>116</ymin>
			<ymax>415</ymax>
		</bndbox>
	</object>
</annotation>
