<annotation>
	<folder></folder>
	<filename>frame_3282_jpg.rf.0f42722f71afed5835263db59d98a252.jpg</filename>
	<path>frame_3282_jpg.rf.0f42722f71afed5835263db59d98a252.jpg</path>
	<source>
		<database>roboflow.ai</database>
	</source>
	<size>
		<width>416</width>
		<height>416</height>
		<depth>3</depth>
	</size>
	<segmented>0</segmented>
	<object>
		<name>THW</name>
		<pose>Unspecified</pose>
		<truncated>0</truncated>
		<difficult>0</difficult>
		<occluded>0</occluded>
		<bndbox>
			<xmin>173</xmin>
			<xmax>285</xmax>
			<ymin>95</ymin>
			<ymax>285</ymax>
		</bndbox>
	</object>
	<object>
		<name>FW</name>
		<pose>Unspecified</pose>
		<truncated>0</truncated>
		<difficult>0</difficult>
		<occluded>0</occluded>
		<bndbox>
			<xmin>260</xmin>
			<xmax>372</xmax>
			<ymin>96</ymin>
			<ymax>265</ymax>
		</bndbox>
	</object>
	<object>
		<name>FW</name>
		<pose>Unspecified</pose>
		<truncated>0</truncated>
		<difficult>0</difficult>
		<occluded>0</occluded>
		<bndbox>
			<xmin>25</xmin>
			<xmax>245</xmax>
			<ymin>86</ymin>
			<ymax>329</ymax>
		</bndbox>
	</object>
</annotation>
