<annotation>
	<folder></folder>
	<filename>frame_2686_jpg.rf.a951ea0653881b76792b2de178f82c02.jpg</filename>
	<path>frame_2686_jpg.rf.a951ea0653881b76792b2de178f82c02.jpg</path>
	<source>
		<database>roboflow.ai</database>
	</source>
	<size>
		<width>416</width>
		<height>416</height>
		<depth>3</depth>
	</size>
	<segmented>0</segmented>
	<object>
		<name>TW</name>
		<pose>Unspecified</pose>
		<truncated>0</truncated>
		<difficult>0</difficult>
		<occluded>0</occluded>
		<bndbox>
			<xmin>67</xmin>
			<xmax>103</xmax>
			<ymin>266</ymin>
			<ymax>364</ymax>
		</bndbox>
	</object>
</annotation>
