<annotation>
	<folder></folder>
	<filename>frame_3687_jpg.rf.f59fc54a3d3005ceddc8a2e25277bcb3.jpg</filename>
	<path>frame_3687_jpg.rf.f59fc54a3d3005ceddc8a2e25277bcb3.jpg</path>
	<source>
		<database>roboflow.ai</database>
	</source>
	<size>
		<width>416</width>
		<height>416</height>
		<depth>3</depth>
	</size>
	<segmented>0</segmented>
	<object>
		<name>FW</name>
		<pose>Unspecified</pose>
		<truncated>0</truncated>
		<difficult>0</difficult>
		<occluded>0</occluded>
		<bndbox>
			<xmin>193</xmin>
			<xmax>230</xmax>
			<ymin>178</ymin>
			<ymax>238</ymax>
		</bndbox>
	</object>
	<object>
		<name>FW</name>
		<pose>Unspecified</pose>
		<truncated>0</truncated>
		<difficult>0</difficult>
		<occluded>0</occluded>
		<bndbox>
			<xmin>214</xmin>
			<xmax>232</xmax>
			<ymin>158</ymin>
			<ymax>189</ymax>
		</bndbox>
	</object>
	<object>
		<name>FW</name>
		<pose>Unspecified</pose>
		<truncated>0</truncated>
		<difficult>0</difficult>
		<occluded>0</occluded>
		<bndbox>
			<xmin>296</xmin>
			<xmax>409</xmax>
			<ymin>304</ymin>
			<ymax>415</ymax>
		</bndbox>
	</object>
	<object>
		<name>TW</name>
		<pose>Unspecified</pose>
		<truncated>0</truncated>
		<difficult>0</difficult>
		<occluded>0</occluded>
		<bndbox>
			<xmin>163</xmin>
			<xmax>196</xmax>
			<ymin>220</ymin>
			<ymax>284</ymax>
		</bndbox>
	</object>
	<object>
		<name>TW</name>
		<pose>Unspecified</pose>
		<truncated>0</truncated>
		<difficult>0</difficult>
		<occluded>0</occluded>
		<bndbox>
			<xmin>129</xmin>
			<xmax>170</xmax>
			<ymin>262</ymin>
			<ymax>382</ymax>
		</bndbox>
	</object>
	<object>
		<name>FW</name>
		<pose>Unspecified</pose>
		<truncated>0</truncated>
		<difficult>0</difficult>
		<occluded>0</occluded>
		<bndbox>
			<xmin>223</xmin>
			<xmax>288</xmax>
			<ymin>174</ymin>
			<ymax>282</ymax>
		</bndbox>
	</object>
</annotation>
