<annotation>
	<folder></folder>
	<filename>frame_3107_jpg.rf.a51560a210972bca027ed4bca9e4baa9.jpg</filename>
	<path>frame_3107_jpg.rf.a51560a210972bca027ed4bca9e4baa9.jpg</path>
	<source>
		<database>roboflow.ai</database>
	</source>
	<size>
		<width>416</width>
		<height>416</height>
		<depth>3</depth>
	</size>
	<segmented>0</segmented>
	<object>
		<name>TW</name>
		<pose>Unspecified</pose>
		<truncated>0</truncated>
		<difficult>0</difficult>
		<occluded>0</occluded>
		<bndbox>
			<xmin>300</xmin>
			<xmax>338</xmax>
			<ymin>258</ymin>
			<ymax>379</ymax>
		</bndbox>
	</object>
	<object>
		<name>TW</name>
		<pose>Unspecified</pose>
		<truncated>0</truncated>
		<difficult>0</difficult>
		<occluded>0</occluded>
		<bndbox>
			<xmin>266</xmin>
			<xmax>304</xmax>
			<ymin>219</ymin>
			<ymax>340</ymax>
		</bndbox>
	</object>
	<object>
		<name>THW</name>
		<pose>Unspecified</pose>
		<truncated>0</truncated>
		<difficult>0</difficult>
		<occluded>0</occluded>
		<bndbox>
			<xmin>356</xmin>
			<xmax>411</xmax>
			<ymin>268</ymin>
			<ymax>398</ymax>
		</bndbox>
	</object>
</annotation>
