<annotation>
	<folder></folder>
	<filename>frame_2931_jpg.rf.6887b1320d6427eea4eb083a07e2d6a5.jpg</filename>
	<path>frame_2931_jpg.rf.6887b1320d6427eea4eb083a07e2d6a5.jpg</path>
	<source>
		<database>roboflow.ai</database>
	</source>
	<size>
		<width>416</width>
		<height>416</height>
		<depth>3</depth>
	</size>
	<segmented>0</segmented>
	<object>
		<name>TW</name>
		<pose>Unspecified</pose>
		<truncated>0</truncated>
		<difficult>0</difficult>
		<occluded>0</occluded>
		<bndbox>
			<xmin>352</xmin>
			<xmax>396</xmax>
			<ymin>212</ymin>
			<ymax>344</ymax>
		</bndbox>
	</object>
	<object>
		<name>TW</name>
		<pose>Unspecified</pose>
		<truncated>0</truncated>
		<difficult>0</difficult>
		<occluded>0</occluded>
		<bndbox>
			<xmin>323</xmin>
			<xmax>367</xmax>
			<ymin>192</ymin>
			<ymax>324</ymax>
		</bndbox>
	</object>
	<object>
		<name>TW</name>
		<pose>Unspecified</pose>
		<truncated>0</truncated>
		<difficult>0</difficult>
		<occluded>0</occluded>
		<bndbox>
			<xmin>322</xmin>
			<xmax>362</xmax>
			<ymin>144</ymin>
			<ymax>254</ymax>
		</bndbox>
	</object>
</annotation>
