<annotation>
	<folder></folder>
	<filename>frame_2719_jpg.rf.c8147f8441f839dc2f7dc454a6a4b7f5.jpg</filename>
	<path>frame_2719_jpg.rf.c8147f8441f839dc2f7dc454a6a4b7f5.jpg</path>
	<source>
		<database>roboflow.ai</database>
	</source>
	<size>
		<width>416</width>
		<height>416</height>
		<depth>3</depth>
	</size>
	<segmented>0</segmented>
	<object>
		<name>HV</name>
		<pose>Unspecified</pose>
		<truncated>0</truncated>
		<difficult>0</difficult>
		<occluded>0</occluded>
		<bndbox>
			<xmin>65</xmin>
			<xmax>236</xmax>
			<ymin>61</ymin>
			<ymax>387</ymax>
		</bndbox>
	</object>
	<object>
		<name>TW</name>
		<pose>Unspecified</pose>
		<truncated>0</truncated>
		<difficult>0</difficult>
		<occluded>0</occluded>
		<bndbox>
			<xmin>0</xmin>
			<xmax>43</xmax>
			<ymin>245</ymin>
			<ymax>375</ymax>
		</bndbox>
	</object>
	<object>
		<name>TW</name>
		<pose>Unspecified</pose>
		<truncated>0</truncated>
		<difficult>0</difficult>
		<occluded>0</occluded>
		<bndbox>
			<xmin>80</xmin>
			<xmax>125</xmax>
			<ymin>157</ymin>
			<ymax>260</ymax>
		</bndbox>
	</object>
</annotation>
