<annotation>
	<folder></folder>
	<filename>frame_2481_jpg.rf.3b169ecd615e795d531d45e87db1779a.jpg</filename>
	<path>frame_2481_jpg.rf.3b169ecd615e795d531d45e87db1779a.jpg</path>
	<source>
		<database>roboflow.ai</database>
	</source>
	<size>
		<width>416</width>
		<height>416</height>
		<depth>3</depth>
	</size>
	<segmented>0</segmented>
	<object>
		<name>TW</name>
		<pose>Unspecified</pose>
		<truncated>0</truncated>
		<difficult>0</difficult>
		<occluded>0</occluded>
		<bndbox>
			<xmin>111</xmin>
			<xmax>176</xmax>
			<ymin>323</ymin>
			<ymax>415</ymax>
		</bndbox>
	</object>
	<object>
		<name>TW</name>
		<pose>Unspecified</pose>
		<truncated>0</truncated>
		<difficult>0</difficult>
		<occluded>0</occluded>
		<bndbox>
			<xmin>95</xmin>
			<xmax>140</xmax>
			<ymin>155</ymin>
			<ymax>223</ymax>
		</bndbox>
	</object>
	<object>
		<name>TW</name>
		<pose>Unspecified</pose>
		<truncated>0</truncated>
		<difficult>0</difficult>
		<occluded>0</occluded>
		<bndbox>
			<xmin>79</xmin>
			<xmax>124</xmax>
			<ymin>200</ymin>
			<ymax>292</ymax>
		</bndbox>
	</object>
</annotation>
