<annotation>
	<folder></folder>
	<filename>frame_3035_jpg.rf.b6a607f3268b3de818436fa1b5974f8c.jpg</filename>
	<path>frame_3035_jpg.rf.b6a607f3268b3de818436fa1b5974f8c.jpg</path>
	<source>
		<database>roboflow.ai</database>
	</source>
	<size>
		<width>416</width>
		<height>416</height>
		<depth>3</depth>
	</size>
	<segmented>0</segmented>
	<object>
		<name>FW</name>
		<pose>Unspecified</pose>
		<truncated>0</truncated>
		<difficult>0</difficult>
		<occluded>0</occluded>
		<bndbox>
			<xmin>166</xmin>
			<xmax>275</xmax>
			<ymin>168</ymin>
			<ymax>292</ymax>
		</bndbox>
	</object>
</annotation>
