<annotation>
	<folder></folder>
	<filename>frame_2677_jpg.rf.6f916f8322acc896ab55b20fd1234ca6.jpg</filename>
	<path>frame_2677_jpg.rf.6f916f8322acc896ab55b20fd1234ca6.jpg</path>
	<source>
		<database>roboflow.ai</database>
	</source>
	<size>
		<width>416</width>
		<height>416</height>
		<depth>3</depth>
	</size>
	<segmented>0</segmented>
	<object>
		<name>TW</name>
		<pose>Unspecified</pose>
		<truncated>0</truncated>
		<difficult>0</difficult>
		<occluded>0</occluded>
		<bndbox>
			<xmin>64</xmin>
			<xmax>109</xmax>
			<ymin>236</ymin>
			<ymax>350</ymax>
		</bndbox>
	</object>
	<object>
		<name>TW</name>
		<pose>Unspecified</pose>
		<truncated>0</truncated>
		<difficult>0</difficult>
		<occluded>0</occluded>
		<bndbox>
			<xmin>15</xmin>
			<xmax>64</xmax>
			<ymin>266</ymin>
			<ymax>402</ymax>
		</bndbox>
	</object>
</annotation>
