<annotation>
	<folder></folder>
	<filename>frame_2965_jpg.rf.a083c8b66b8e3fe7a636c53aa1536e64.jpg</filename>
	<path>frame_2965_jpg.rf.a083c8b66b8e3fe7a636c53aa1536e64.jpg</path>
	<source>
		<database>roboflow.ai</database>
	</source>
	<size>
		<width>416</width>
		<height>416</height>
		<depth>3</depth>
	</size>
	<segmented>0</segmented>
	<object>
		<name>TW</name>
		<pose>Unspecified</pose>
		<truncated>0</truncated>
		<difficult>0</difficult>
		<occluded>0</occluded>
		<bndbox>
			<xmin>46</xmin>
			<xmax>80</xmax>
			<ymin>162</ymin>
			<ymax>271</ymax>
		</bndbox>
	</object>
</annotation>
