<annotation>
	<folder></folder>
	<filename>frame_2875_jpg.rf.e9e494384425327a5399e8600dc3b154.jpg</filename>
	<path>frame_2875_jpg.rf.e9e494384425327a5399e8600dc3b154.jpg</path>
	<source>
		<database>roboflow.ai</database>
	</source>
	<size>
		<width>416</width>
		<height>416</height>
		<depth>3</depth>
	</size>
	<segmented>0</segmented>
	<object>
		<name>TW</name>
		<pose>Unspecified</pose>
		<truncated>0</truncated>
		<difficult>0</difficult>
		<occluded>0</occluded>
		<bndbox>
			<xmin>70</xmin>
			<xmax>137</xmax>
			<ymin>234</ymin>
			<ymax>368</ymax>
		</bndbox>
	</object>
</annotation>
