<annotation>
	<folder></folder>
	<filename>frame_2266_jpg.rf.8cc7abbacef5ff7743aa174e2f0d2771.jpg</filename>
	<path>frame_2266_jpg.rf.8cc7abbacef5ff7743aa174e2f0d2771.jpg</path>
	<source>
		<database>roboflow.ai</database>
	</source>
	<size>
		<width>416</width>
		<height>416</height>
		<depth>3</depth>
	</size>
	<segmented>0</segmented>
	<object>
		<name>HV</name>
		<pose>Unspecified</pose>
		<truncated>0</truncated>
		<difficult>0</difficult>
		<occluded>0</occluded>
		<bndbox>
			<xmin>106</xmin>
			<xmax>195</xmax>
			<ymin>220</ymin>
			<ymax>365</ymax>
		</bndbox>
	</object>
	<object>
		<name>HV</name>
		<pose>Unspecified</pose>
		<truncated>0</truncated>
		<difficult>0</difficult>
		<occluded>0</occluded>
		<bndbox>
			<xmin>167</xmin>
			<xmax>254</xmax>
			<ymin>231</ymin>
			<ymax>380</ymax>
		</bndbox>
	</object>
	<object>
		<name>HV</name>
		<pose>Unspecified</pose>
		<truncated>0</truncated>
		<difficult>0</difficult>
		<occluded>0</occluded>
		<bndbox>
			<xmin>284</xmin>
			<xmax>357</xmax>
			<ymin>247</ymin>
			<ymax>334</ymax>
		</bndbox>
	</object>
</annotation>
