<annotation>
	<folder></folder>
	<filename>frame_2336_jpg.rf.26765125aca869c2f3b82ce326326d6d.jpg</filename>
	<path>frame_2336_jpg.rf.26765125aca869c2f3b82ce326326d6d.jpg</path>
	<source>
		<database>roboflow.ai</database>
	</source>
	<size>
		<width>416</width>
		<height>416</height>
		<depth>3</depth>
	</size>
	<segmented>0</segmented>
	<object>
		<name>TW</name>
		<pose>Unspecified</pose>
		<truncated>0</truncated>
		<difficult>0</difficult>
		<occluded>0</occluded>
		<bndbox>
			<xmin>301</xmin>
			<xmax>395</xmax>
			<ymin>229</ymin>
			<ymax>415</ymax>
		</bndbox>
	</object>
	<object>
		<name>TW</name>
		<pose>Unspecified</pose>
		<truncated>0</truncated>
		<difficult>0</difficult>
		<occluded>0</occluded>
		<bndbox>
			<xmin>254</xmin>
			<xmax>333</xmax>
			<ymin>192</ymin>
			<ymax>415</ymax>
		</bndbox>
	</object>
</annotation>
