<annotation>
	<folder></folder>
	<filename>frame_3131_jpg.rf.d1870af598ff3df22f42457f82421e75.jpg</filename>
	<path>frame_3131_jpg.rf.d1870af598ff3df22f42457f82421e75.jpg</path>
	<source>
		<database>roboflow.ai</database>
	</source>
	<size>
		<width>416</width>
		<height>416</height>
		<depth>3</depth>
	</size>
	<segmented>0</segmented>
	<object>
		<name>FW</name>
		<pose>Unspecified</pose>
		<truncated>0</truncated>
		<difficult>0</difficult>
		<occluded>0</occluded>
		<bndbox>
			<xmin>194</xmin>
			<xmax>261</xmax>
			<ymin>210</ymin>
			<ymax>305</ymax>
		</bndbox>
	</object>
	<object>
		<name>TW</name>
		<pose>Unspecified</pose>
		<truncated>0</truncated>
		<difficult>0</difficult>
		<occluded>0</occluded>
		<bndbox>
			<xmin>251</xmin>
			<xmax>289</xmax>
			<ymin>267</ymin>
			<ymax>364</ymax>
		</bndbox>
	</object>
	<object>
		<name>THW</name>
		<pose>Unspecified</pose>
		<truncated>0</truncated>
		<difficult>0</difficult>
		<occluded>0</occluded>
		<bndbox>
			<xmin>305</xmin>
			<xmax>371</xmax>
			<ymin>253</ymin>
			<ymax>379</ymax>
		</bndbox>
	</object>
</annotation>
