<annotation>
	<folder></folder>
	<filename>frame_2033_jpg.rf.a3af0e24fba875b5ad92ebbf8e1fbe44.jpg</filename>
	<path>frame_2033_jpg.rf.a3af0e24fba875b5ad92ebbf8e1fbe44.jpg</path>
	<source>
		<database>roboflow.ai</database>
	</source>
	<size>
		<width>416</width>
		<height>416</height>
		<depth>3</depth>
	</size>
	<segmented>0</segmented>
	<object>
		<name>THW</name>
		<pose>Unspecified</pose>
		<truncated>0</truncated>
		<difficult>0</difficult>
		<occluded>0</occluded>
		<bndbox>
			<xmin>155</xmin>
			<xmax>317</xmax>
			<ymin>143</ymin>
			<ymax>356</ymax>
		</bndbox>
	</object>
</annotation>
