<annotation>
	<folder></folder>
	<filename>frame_3194_jpg.rf.62a7e6552a7878529387cb48fc2779c1.jpg</filename>
	<path>frame_3194_jpg.rf.62a7e6552a7878529387cb48fc2779c1.jpg</path>
	<source>
		<database>roboflow.ai</database>
	</source>
	<size>
		<width>416</width>
		<height>416</height>
		<depth>3</depth>
	</size>
	<segmented>0</segmented>
	<object>
		<name>TW</name>
		<pose>Unspecified</pose>
		<truncated>0</truncated>
		<difficult>0</difficult>
		<occluded>0</occluded>
		<bndbox>
			<xmin>27</xmin>
			<xmax>60</xmax>
			<ymin>187</ymin>
			<ymax>318</ymax>
		</bndbox>
	</object>
</annotation>
