<annotation>
	<folder></folder>
	<filename>frame_1951_jpg.rf.7bf9b7dd9f27c4a1e1c23dae9562cd11.jpg</filename>
	<path>frame_1951_jpg.rf.7bf9b7dd9f27c4a1e1c23dae9562cd11.jpg</path>
	<source>
		<database>roboflow.ai</database>
	</source>
	<size>
		<width>416</width>
		<height>416</height>
		<depth>3</depth>
	</size>
	<segmented>0</segmented>
	<object>
		<name>THW</name>
		<pose>Unspecified</pose>
		<truncated>0</truncated>
		<difficult>0</difficult>
		<occluded>0</occluded>
		<bndbox>
			<xmin>71</xmin>
			<xmax>362</xmax>
			<ymin>38</ymin>
			<ymax>386</ymax>
		</bndbox>
	</object>
</annotation>
