<annotation>
	<folder></folder>
	<filename>frame_3454_jpg.rf.9a3db6599a2c27eba545935f540c2e0c.jpg</filename>
	<path>frame_3454_jpg.rf.9a3db6599a2c27eba545935f540c2e0c.jpg</path>
	<source>
		<database>roboflow.ai</database>
	</source>
	<size>
		<width>416</width>
		<height>416</height>
		<depth>3</depth>
	</size>
	<segmented>0</segmented>
	<object>
		<name>TW</name>
		<pose>Unspecified</pose>
		<truncated>0</truncated>
		<difficult>0</difficult>
		<occluded>0</occluded>
		<bndbox>
			<xmin>148</xmin>
			<xmax>213</xmax>
			<ymin>65</ymin>
			<ymax>322</ymax>
		</bndbox>
	</object>
	<object>
		<name>FW</name>
		<pose>Unspecified</pose>
		<truncated>0</truncated>
		<difficult>0</difficult>
		<occluded>0</occluded>
		<bndbox>
			<xmin>117</xmin>
			<xmax>256</xmax>
			<ymin>65</ymin>
			<ymax>308</ymax>
		</bndbox>
	</object>
</annotation>
