<annotation>
	<folder></folder>
	<filename>frame_1530_jpg.rf.0c9687bad543f1929171a4a154c4415a.jpg</filename>
	<path>frame_1530_jpg.rf.0c9687bad543f1929171a4a154c4415a.jpg</path>
	<source>
		<database>roboflow.ai</database>
	</source>
	<size>
		<width>416</width>
		<height>416</height>
		<depth>3</depth>
	</size>
	<segmented>0</segmented>
	<object>
		<name>THW</name>
		<pose>Unspecified</pose>
		<truncated>0</truncated>
		<difficult>0</difficult>
		<occluded>0</occluded>
		<bndbox>
			<xmin>88</xmin>
			<xmax>322</xmax>
			<ymin>139</ymin>
			<ymax>415</ymax>
		</bndbox>
	</object>
	<object>
		<name>HV</name>
		<pose>Unspecified</pose>
		<truncated>0</truncated>
		<difficult>0</difficult>
		<occluded>0</occluded>
		<bndbox>
			<xmin>0</xmin>
			<xmax>207</xmax>
			<ymin>30</ymin>
			<ymax>265</ymax>
		</bndbox>
	</object>
	<object>
		<name>HV</name>
		<pose>Unspecified</pose>
		<truncated>0</truncated>
		<difficult>0</difficult>
		<occluded>0</occluded>
		<bndbox>
			<xmin>265</xmin>
			<xmax>415</xmax>
			<ymin>116</ymin>
			<ymax>291</ymax>
		</bndbox>
	</object>
</annotation>
