<annotation>
	<folder></folder>
	<filename>frame_1515_jpg.rf.7be6b17a6f886c991dc8105c0743ca16.jpg</filename>
	<path>frame_1515_jpg.rf.7be6b17a6f886c991dc8105c0743ca16.jpg</path>
	<source>
		<database>roboflow.ai</database>
	</source>
	<size>
		<width>416</width>
		<height>416</height>
		<depth>3</depth>
	</size>
	<segmented>0</segmented>
	<object>
		<name>THW</name>
		<pose>Unspecified</pose>
		<truncated>0</truncated>
		<difficult>0</difficult>
		<occluded>0</occluded>
		<bndbox>
			<xmin>237</xmin>
			<xmax>294</xmax>
			<ymin>254</ymin>
			<ymax>340</ymax>
		</bndbox>
	</object>
	<object>
		<name>FW</name>
		<pose>Unspecified</pose>
		<truncated>0</truncated>
		<difficult>0</difficult>
		<occluded>0</occluded>
		<bndbox>
			<xmin>288</xmin>
			<xmax>320</xmax>
			<ymin>247</ymin>
			<ymax>306</ymax>
		</bndbox>
	</object>
	<object>
		<name>TW</name>
		<pose>Unspecified</pose>
		<truncated>0</truncated>
		<difficult>0</difficult>
		<occluded>0</occluded>
		<bndbox>
			<xmin>86</xmin>
			<xmax>134</xmax>
			<ymin>258</ymin>
			<ymax>307</ymax>
		</bndbox>
	</object>
	<object>
		<name>TW</name>
		<pose>Unspecified</pose>
		<truncated>0</truncated>
		<difficult>0</difficult>
		<occluded>0</occluded>
		<bndbox>
			<xmin>330</xmin>
			<xmax>412</xmax>
			<ymin>336</ymin>
			<ymax>415</ymax>
		</bndbox>
	</object>
</annotation>
