<annotation>
	<folder></folder>
	<filename>frame_1766_jpg.rf.d3c2c90e1fb47cf227b7b78364abb3c2.jpg</filename>
	<path>frame_1766_jpg.rf.d3c2c90e1fb47cf227b7b78364abb3c2.jpg</path>
	<source>
		<database>roboflow.ai</database>
	</source>
	<size>
		<width>416</width>
		<height>416</height>
		<depth>3</depth>
	</size>
	<segmented>0</segmented>
	<object>
		<name>THW</name>
		<pose>Unspecified</pose>
		<truncated>0</truncated>
		<difficult>0</difficult>
		<occluded>0</occluded>
		<bndbox>
			<xmin>272</xmin>
			<xmax>357</xmax>
			<ymin>209</ymin>
			<ymax>302</ymax>
		</bndbox>
	</object>
</annotation>
