<annotation>
	<folder></folder>
	<filename>frame_3491_jpg.rf.2ad511b3b1759886c3c8478f7291fd52.jpg</filename>
	<path>frame_3491_jpg.rf.2ad511b3b1759886c3c8478f7291fd52.jpg</path>
	<source>
		<database>roboflow.ai</database>
	</source>
	<size>
		<width>416</width>
		<height>416</height>
		<depth>3</depth>
	</size>
	<segmented>0</segmented>
	<object>
		<name>FW</name>
		<pose>Unspecified</pose>
		<truncated>0</truncated>
		<difficult>0</difficult>
		<occluded>0</occluded>
		<bndbox>
			<xmin>280</xmin>
			<xmax>415</xmax>
			<ymin>128</ymin>
			<ymax>251</ymax>
		</bndbox>
	</object>
	<object>
		<name>FW</name>
		<pose>Unspecified</pose>
		<truncated>0</truncated>
		<difficult>0</difficult>
		<occluded>0</occluded>
		<bndbox>
			<xmin>113</xmin>
			<xmax>305</xmax>
			<ymin>93</ymin>
			<ymax>274</ymax>
		</bndbox>
	</object>
</annotation>
