<annotation>
	<folder></folder>
	<filename>frame_2757_jpg.rf.0d1a1a54e9fc82f7aa6adf90d12fef78.jpg</filename>
	<path>frame_2757_jpg.rf.0d1a1a54e9fc82f7aa6adf90d12fef78.jpg</path>
	<source>
		<database>roboflow.ai</database>
	</source>
	<size>
		<width>416</width>
		<height>416</height>
		<depth>3</depth>
	</size>
	<segmented>0</segmented>
	<object>
		<name>TW</name>
		<pose>Unspecified</pose>
		<truncated>0</truncated>
		<difficult>0</difficult>
		<occluded>0</occluded>
		<bndbox>
			<xmin>47</xmin>
			<xmax>86</xmax>
			<ymin>242</ymin>
			<ymax>354</ymax>
		</bndbox>
	</object>
</annotation>
