<annotation>
	<folder></folder>
	<filename>frame_1988_jpg.rf.c02c54a2ecfe868147c30dd07496d600.jpg</filename>
	<path>frame_1988_jpg.rf.c02c54a2ecfe868147c30dd07496d600.jpg</path>
	<source>
		<database>roboflow.ai</database>
	</source>
	<size>
		<width>416</width>
		<height>416</height>
		<depth>3</depth>
	</size>
	<segmented>0</segmented>
	<object>
		<name>THW</name>
		<pose>Unspecified</pose>
		<truncated>0</truncated>
		<difficult>0</difficult>
		<occluded>0</occluded>
		<bndbox>
			<xmin>21</xmin>
			<xmax>138</xmax>
			<ymin>198</ymin>
			<ymax>360</ymax>
		</bndbox>
	</object>
</annotation>
