<annotation>
	<folder></folder>
	<filename>frame_2919_jpg.rf.4d7e3cd47bc1f01a418d36fb35b9388d.jpg</filename>
	<path>frame_2919_jpg.rf.4d7e3cd47bc1f01a418d36fb35b9388d.jpg</path>
	<source>
		<database>roboflow.ai</database>
	</source>
	<size>
		<width>416</width>
		<height>416</height>
		<depth>3</depth>
	</size>
	<segmented>0</segmented>
	<object>
		<name>TW</name>
		<pose>Unspecified</pose>
		<truncated>0</truncated>
		<difficult>0</difficult>
		<occluded>0</occluded>
		<bndbox>
			<xmin>99</xmin>
			<xmax>150</xmax>
			<ymin>141</ymin>
			<ymax>239</ymax>
		</bndbox>
	</object>
	<object>
		<name>THW</name>
		<pose>Unspecified</pose>
		<truncated>0</truncated>
		<difficult>0</difficult>
		<occluded>0</occluded>
		<bndbox>
			<xmin>67</xmin>
			<xmax>176</xmax>
			<ymin>229</ymin>
			<ymax>386</ymax>
		</bndbox>
	</object>
</annotation>
