<annotation>
	<folder></folder>
	<filename>frame_2322_jpg.rf.2fa9122c2de496058b7acd8a5f69551e.jpg</filename>
	<path>frame_2322_jpg.rf.2fa9122c2de496058b7acd8a5f69551e.jpg</path>
	<source>
		<database>roboflow.ai</database>
	</source>
	<size>
		<width>416</width>
		<height>416</height>
		<depth>3</depth>
	</size>
	<segmented>0</segmented>
	<object>
		<name>HV</name>
		<pose>Unspecified</pose>
		<truncated>0</truncated>
		<difficult>0</difficult>
		<occluded>0</occluded>
		<bndbox>
			<xmin>273</xmin>
			<xmax>400</xmax>
			<ymin>135</ymin>
			<ymax>377</ymax>
		</bndbox>
	</object>
</annotation>
