<annotation>
	<folder></folder>
	<filename>frame_2033_jpg.rf.bbf253aed527d1ee93ca97ae5ad621d7.jpg</filename>
	<path>frame_2033_jpg.rf.bbf253aed527d1ee93ca97ae5ad621d7.jpg</path>
	<source>
		<database>roboflow.ai</database>
	</source>
	<size>
		<width>416</width>
		<height>416</height>
		<depth>3</depth>
	</size>
	<segmented>0</segmented>
	<object>
		<name>THW</name>
		<pose>Unspecified</pose>
		<truncated>0</truncated>
		<difficult>0</difficult>
		<occluded>0</occluded>
		<bndbox>
			<xmin>125</xmin>
			<xmax>340</xmax>
			<ymin>141</ymin>
			<ymax>363</ymax>
		</bndbox>
	</object>
</annotation>
