<annotation>
	<folder></folder>
	<filename>frame_25_jpg.rf.8d415625328b13399f8b0407f9a398b2.jpg</filename>
	<path>frame_25_jpg.rf.8d415625328b13399f8b0407f9a398b2.jpg</path>
	<source>
		<database>roboflow.ai</database>
	</source>
	<size>
		<width>416</width>
		<height>416</height>
		<depth>3</depth>
	</size>
	<segmented>0</segmented>
	<object>
		<name>HV</name>
		<pose>Unspecified</pose>
		<truncated>0</truncated>
		<difficult>0</difficult>
		<occluded>0</occluded>
		<bndbox>
			<xmin>200</xmin>
			<xmax>278</xmax>
			<ymin>20</ymin>
			<ymax>148</ymax>
		</bndbox>
	</object>
	<object>
		<name>TW</name>
		<pose>Unspecified</pose>
		<truncated>0</truncated>
		<difficult>0</difficult>
		<occluded>0</occluded>
		<bndbox>
			<xmin>177</xmin>
			<xmax>216</xmax>
			<ymin>248</ymin>
			<ymax>339</ymax>
		</bndbox>
	</object>
	<object>
		<name>TW</name>
		<pose>Unspecified</pose>
		<truncated>0</truncated>
		<difficult>0</difficult>
		<occluded>0</occluded>
		<bndbox>
			<xmin>333</xmin>
			<xmax>351</xmax>
			<ymin>21</ymin>
			<ymax>53</ymax>
		</bndbox>
	</object>
	<object>
		<name>FW</name>
		<pose>Unspecified</pose>
		<truncated>0</truncated>
		<difficult>0</difficult>
		<occluded>0</occluded>
		<bndbox>
			<xmin>285</xmin>
			<xmax>352</xmax>
			<ymin>345</ymin>
			<ymax>413</ymax>
		</bndbox>
	</object>
</annotation>
