<annotation>
	<folder></folder>
	<filename>frame_3316_jpg.rf.c2e51c0a8b0849ca82f96d1be12f1dc8.jpg</filename>
	<path>frame_3316_jpg.rf.c2e51c0a8b0849ca82f96d1be12f1dc8.jpg</path>
	<source>
		<database>roboflow.ai</database>
	</source>
	<size>
		<width>416</width>
		<height>416</height>
		<depth>3</depth>
	</size>
	<segmented>0</segmented>
	<object>
		<name>THW</name>
		<pose>Unspecified</pose>
		<truncated>0</truncated>
		<difficult>0</difficult>
		<occluded>0</occluded>
		<bndbox>
			<xmin>195</xmin>
			<xmax>348</xmax>
			<ymin>190</ymin>
			<ymax>367</ymax>
		</bndbox>
	</object>
	<object>
		<name>HV</name>
		<pose>Unspecified</pose>
		<truncated>0</truncated>
		<difficult>0</difficult>
		<occluded>0</occluded>
		<bndbox>
			<xmin>46</xmin>
			<xmax>226</xmax>
			<ymin>91</ymin>
			<ymax>342</ymax>
		</bndbox>
	</object>
	<object>
		<name>TW</name>
		<pose>Unspecified</pose>
		<truncated>0</truncated>
		<difficult>0</difficult>
		<occluded>0</occluded>
		<bndbox>
			<xmin>179</xmin>
			<xmax>215</xmax>
			<ymin>203</ymin>
			<ymax>286</ymax>
		</bndbox>
	</object>
</annotation>
