<annotation>
	<folder></folder>
	<filename>frame_1423_jpg.rf.b1589298d0621f9c74f8a77a6d2cce8e.jpg</filename>
	<path>frame_1423_jpg.rf.b1589298d0621f9c74f8a77a6d2cce8e.jpg</path>
	<source>
		<database>roboflow.ai</database>
	</source>
	<size>
		<width>416</width>
		<height>416</height>
		<depth>3</depth>
	</size>
	<segmented>0</segmented>
	<object>
		<name>THW</name>
		<pose>Unspecified</pose>
		<truncated>0</truncated>
		<difficult>0</difficult>
		<occluded>0</occluded>
		<bndbox>
			<xmin>183</xmin>
			<xmax>415</xmax>
			<ymin>36</ymin>
			<ymax>394</ymax>
		</bndbox>
	</object>
	<object>
		<name>THW</name>
		<pose>Unspecified</pose>
		<truncated>0</truncated>
		<difficult>0</difficult>
		<occluded>0</occluded>
		<bndbox>
			<xmin>0</xmin>
			<xmax>112</xmax>
			<ymin>62</ymin>
			<ymax>308</ymax>
		</bndbox>
	</object>
	<object>
		<name>THW</name>
		<pose>Unspecified</pose>
		<truncated>0</truncated>
		<difficult>0</difficult>
		<occluded>0</occluded>
		<bndbox>
			<xmin>82</xmin>
			<xmax>199</xmax>
			<ymin>59</ymin>
			<ymax>326</ymax>
		</bndbox>
	</object>
</annotation>
