<annotation>
	<folder></folder>
	<filename>frame_3099_jpg.rf.fd7758c8cf07317e4fff242b24ffd25b.jpg</filename>
	<path>frame_3099_jpg.rf.fd7758c8cf07317e4fff242b24ffd25b.jpg</path>
	<source>
		<database>roboflow.ai</database>
	</source>
	<size>
		<width>416</width>
		<height>416</height>
		<depth>3</depth>
	</size>
	<segmented>0</segmented>
	<object>
		<name>TW</name>
		<pose>Unspecified</pose>
		<truncated>0</truncated>
		<difficult>0</difficult>
		<occluded>0</occluded>
		<bndbox>
			<xmin>283</xmin>
			<xmax>314</xmax>
			<ymin>243</ymin>
			<ymax>343</ymax>
		</bndbox>
	</object>
	<object>
		<name>THW</name>
		<pose>Unspecified</pose>
		<truncated>0</truncated>
		<difficult>0</difficult>
		<occluded>0</occluded>
		<bndbox>
			<xmin>349</xmin>
			<xmax>415</xmax>
			<ymin>252</ymin>
			<ymax>395</ymax>
		</bndbox>
	</object>
</annotation>
