<annotation>
	<folder></folder>
	<filename>frame_1686_jpg.rf.a8d7af2a1915db3f56811546a2bd0938.jpg</filename>
	<path>frame_1686_jpg.rf.a8d7af2a1915db3f56811546a2bd0938.jpg</path>
	<source>
		<database>roboflow.ai</database>
	</source>
	<size>
		<width>416</width>
		<height>416</height>
		<depth>3</depth>
	</size>
	<segmented>0</segmented>
	<object>
		<name>THW</name>
		<pose>Unspecified</pose>
		<truncated>0</truncated>
		<difficult>0</difficult>
		<occluded>0</occluded>
		<bndbox>
			<xmin>0</xmin>
			<xmax>357</xmax>
			<ymin>94</ymin>
			<ymax>390</ymax>
		</bndbox>
	</object>
</annotation>
