<annotation>
	<folder></folder>
	<filename>frame_4036_jpg.rf.8d40d1b74b91d02fddf9177431d7d9b8.jpg</filename>
	<path>frame_4036_jpg.rf.8d40d1b74b91d02fddf9177431d7d9b8.jpg</path>
	<source>
		<database>roboflow.ai</database>
	</source>
	<size>
		<width>416</width>
		<height>416</height>
		<depth>3</depth>
	</size>
	<segmented>0</segmented>
	<object>
		<name>FW</name>
		<pose>Unspecified</pose>
		<truncated>0</truncated>
		<difficult>0</difficult>
		<occluded>0</occluded>
		<bndbox>
			<xmin>135</xmin>
			<xmax>180</xmax>
			<ymin>212</ymin>
			<ymax>292</ymax>
		</bndbox>
	</object>
	<object>
		<name>FW</name>
		<pose>Unspecified</pose>
		<truncated>0</truncated>
		<difficult>0</difficult>
		<occluded>0</occluded>
		<bndbox>
			<xmin>192</xmin>
			<xmax>243</xmax>
			<ymin>243</ymin>
			<ymax>350</ymax>
		</bndbox>
	</object>
	<object>
		<name>FW</name>
		<pose>Unspecified</pose>
		<truncated>0</truncated>
		<difficult>0</difficult>
		<occluded>0</occluded>
		<bndbox>
			<xmin>176</xmin>
			<xmax>214</xmax>
			<ymin>167</ymin>
			<ymax>218</ymax>
		</bndbox>
	</object>
</annotation>
