<annotation>
	<folder></folder>
	<filename>frame_1759_jpg.rf.ae8ab4818551929bd2a2435bb1c648b3.jpg</filename>
	<path>frame_1759_jpg.rf.ae8ab4818551929bd2a2435bb1c648b3.jpg</path>
	<source>
		<database>roboflow.ai</database>
	</source>
	<size>
		<width>416</width>
		<height>416</height>
		<depth>3</depth>
	</size>
	<segmented>0</segmented>
	<object>
		<name>THW</name>
		<pose>Unspecified</pose>
		<truncated>0</truncated>
		<difficult>0</difficult>
		<occluded>0</occluded>
		<bndbox>
			<xmin>164</xmin>
			<xmax>289</xmax>
			<ymin>145</ymin>
			<ymax>397</ymax>
		</bndbox>
	</object>
	<object>
		<name>THW</name>
		<pose>Unspecified</pose>
		<truncated>0</truncated>
		<difficult>0</difficult>
		<occluded>0</occluded>
		<bndbox>
			<xmin>0</xmin>
			<xmax>81</xmax>
			<ymin>130</ymin>
			<ymax>319</ymax>
		</bndbox>
	</object>
	<object>
		<name>THW</name>
		<pose>Unspecified</pose>
		<truncated>0</truncated>
		<difficult>0</difficult>
		<occluded>0</occluded>
		<bndbox>
			<xmin>75</xmin>
			<xmax>169</xmax>
			<ymin>137</ymin>
			<ymax>323</ymax>
		</bndbox>
	</object>
	<object>
		<name>THW</name>
		<pose>Unspecified</pose>
		<truncated>0</truncated>
		<difficult>0</difficult>
		<occluded>0</occluded>
		<bndbox>
			<xmin>264</xmin>
			<xmax>326</xmax>
			<ymin>162</ymin>
			<ymax>305</ymax>
		</bndbox>
	</object>
</annotation>
