<annotation>
	<folder></folder>
	<filename>frame_3452_jpg.rf.90e767d0c632135de6de6321a5e67aa6.jpg</filename>
	<path>frame_3452_jpg.rf.90e767d0c632135de6de6321a5e67aa6.jpg</path>
	<source>
		<database>roboflow.ai</database>
	</source>
	<size>
		<width>416</width>
		<height>416</height>
		<depth>3</depth>
	</size>
	<segmented>0</segmented>
	<object>
		<name>FW</name>
		<pose>Unspecified</pose>
		<truncated>0</truncated>
		<difficult>0</difficult>
		<occluded>0</occluded>
		<bndbox>
			<xmin>129</xmin>
			<xmax>228</xmax>
			<ymin>91</ymin>
			<ymax>278</ymax>
		</bndbox>
	</object>
	<object>
		<name>TW</name>
		<pose>Unspecified</pose>
		<truncated>0</truncated>
		<difficult>0</difficult>
		<occluded>0</occluded>
		<bndbox>
			<xmin>85</xmin>
			<xmax>139</xmax>
			<ymin>83</ymin>
			<ymax>304</ymax>
		</bndbox>
	</object>
	<object>
		<name>TW</name>
		<pose>Unspecified</pose>
		<truncated>0</truncated>
		<difficult>0</difficult>
		<occluded>0</occluded>
		<bndbox>
			<xmin>16</xmin>
			<xmax>70</xmax>
			<ymin>92</ymin>
			<ymax>313</ymax>
		</bndbox>
	</object>
</annotation>
