<annotation>
	<folder></folder>
	<filename>frame_2521_jpg.rf.090c82f86537ca3389d726e589a308ba.jpg</filename>
	<path>frame_2521_jpg.rf.090c82f86537ca3389d726e589a308ba.jpg</path>
	<source>
		<database>roboflow.ai</database>
	</source>
	<size>
		<width>416</width>
		<height>416</height>
		<depth>3</depth>
	</size>
	<segmented>0</segmented>
	<object>
		<name>TW</name>
		<pose>Unspecified</pose>
		<truncated>0</truncated>
		<difficult>0</difficult>
		<occluded>0</occluded>
		<bndbox>
			<xmin>81</xmin>
			<xmax>107</xmax>
			<ymin>210</ymin>
			<ymax>304</ymax>
		</bndbox>
	</object>
	<object>
		<name>TW</name>
		<pose>Unspecified</pose>
		<truncated>0</truncated>
		<difficult>0</difficult>
		<occluded>0</occluded>
		<bndbox>
			<xmin>69</xmin>
			<xmax>95</xmax>
			<ymin>228</ymin>
			<ymax>322</ymax>
		</bndbox>
	</object>
	<object>
		<name>TW</name>
		<pose>Unspecified</pose>
		<truncated>0</truncated>
		<difficult>0</difficult>
		<occluded>0</occluded>
		<bndbox>
			<xmin>47</xmin>
			<xmax>73</xmax>
			<ymin>239</ymin>
			<ymax>333</ymax>
		</bndbox>
	</object>
</annotation>
