<annotation>
	<folder></folder>
	<filename>frame_2744_jpg.rf.93b747c5fc6ab62ca98027e7a98bee3f.jpg</filename>
	<path>frame_2744_jpg.rf.93b747c5fc6ab62ca98027e7a98bee3f.jpg</path>
	<source>
		<database>roboflow.ai</database>
	</source>
	<size>
		<width>416</width>
		<height>416</height>
		<depth>3</depth>
	</size>
	<segmented>0</segmented>
	<object>
		<name>TW</name>
		<pose>Unspecified</pose>
		<truncated>0</truncated>
		<difficult>0</difficult>
		<occluded>0</occluded>
		<bndbox>
			<xmin>306</xmin>
			<xmax>378</xmax>
			<ymin>175</ymin>
			<ymax>317</ymax>
		</bndbox>
	</object>
</annotation>
