<annotation>
	<folder></folder>
	<filename>frame_3310_jpg.rf.362e6b394c9945adceacd996e4ca3e0b.jpg</filename>
	<path>frame_3310_jpg.rf.362e6b394c9945adceacd996e4ca3e0b.jpg</path>
	<source>
		<database>roboflow.ai</database>
	</source>
	<size>
		<width>416</width>
		<height>416</height>
		<depth>3</depth>
	</size>
	<segmented>0</segmented>
	<object>
		<name>FW</name>
		<pose>Unspecified</pose>
		<truncated>0</truncated>
		<difficult>0</difficult>
		<occluded>0</occluded>
		<bndbox>
			<xmin>216</xmin>
			<xmax>344</xmax>
			<ymin>240</ymin>
			<ymax>414</ymax>
		</bndbox>
	</object>
	<object>
		<name>FW</name>
		<pose>Unspecified</pose>
		<truncated>0</truncated>
		<difficult>0</difficult>
		<occluded>0</occluded>
		<bndbox>
			<xmin>255</xmin>
			<xmax>380</xmax>
			<ymin>141</ymin>
			<ymax>311</ymax>
		</bndbox>
	</object>
	<object>
		<name>FW</name>
		<pose>Unspecified</pose>
		<truncated>0</truncated>
		<difficult>0</difficult>
		<occluded>0</occluded>
		<bndbox>
			<xmin>244</xmin>
			<xmax>369</xmax>
			<ymin>90</ymin>
			<ymax>260</ymax>
		</bndbox>
	</object>
	<object>
		<name>FW</name>
		<pose>Unspecified</pose>
		<truncated>0</truncated>
		<difficult>0</difficult>
		<occluded>0</occluded>
		<bndbox>
			<xmin>365</xmin>
			<xmax>415</xmax>
			<ymin>106</ymin>
			<ymax>244</ymax>
		</bndbox>
	</object>
	<object>
		<name>FW</name>
		<pose>Unspecified</pose>
		<truncated>0</truncated>
		<difficult>0</difficult>
		<occluded>0</occluded>
		<bndbox>
			<xmin>400</xmin>
			<xmax>415</xmax>
			<ymin>44</ymin>
			<ymax>142</ymax>
		</bndbox>
	</object>
	<object>
		<name>FW</name>
		<pose>Unspecified</pose>
		<truncated>0</truncated>
		<difficult>0</difficult>
		<occluded>0</occluded>
		<bndbox>
			<xmin>236</xmin>
			<xmax>333</xmax>
			<ymin>0</ymin>
			<ymax>140</ymax>
		</bndbox>
	</object>
	<object>
		<name>FW</name>
		<pose>Unspecified</pose>
		<truncated>0</truncated>
		<difficult>0</difficult>
		<occluded>0</occluded>
		<bndbox>
			<xmin>132</xmin>
			<xmax>229</xmax>
			<ymin>118</ymin>
			<ymax>265</ymax>
		</bndbox>
	</object>
	<object>
		<name>TW</name>
		<pose>Unspecified</pose>
		<truncated>0</truncated>
		<difficult>0</difficult>
		<occluded>0</occluded>
		<bndbox>
			<xmin>95</xmin>
			<xmax>175</xmax>
			<ymin>173</ymin>
			<ymax>340</ymax>
		</bndbox>
	</object>
	<object>
		<name>TW</name>
		<pose>Unspecified</pose>
		<truncated>0</truncated>
		<difficult>0</difficult>
		<occluded>0</occluded>
		<bndbox>
			<xmin>62</xmin>
			<xmax>138</xmax>
			<ymin>52</ymin>
			<ymax>208</ymax>
		</bndbox>
	</object>
	<object>
		<name>TW</name>
		<pose>Unspecified</pose>
		<truncated>0</truncated>
		<difficult>0</difficult>
		<occluded>0</occluded>
		<bndbox>
			<xmin>135</xmin>
			<xmax>203</xmax>
			<ymin>51</ymin>
			<ymax>185</ymax>
		</bndbox>
	</object>
	<object>
		<name>TW</name>
		<pose>Unspecified</pose>
		<truncated>0</truncated>
		<difficult>0</difficult>
		<occluded>0</occluded>
		<bndbox>
			<xmin>68</xmin>
			<xmax>137</xmax>
			<ymin>8</ymin>
			<ymax>104</ymax>
		</bndbox>
	</object>
	<object>
		<name>TW</name>
		<pose>Unspecified</pose>
		<truncated>0</truncated>
		<difficult>0</difficult>
		<occluded>0</occluded>
		<bndbox>
			<xmin>137</xmin>
			<xmax>202</xmax>
			<ymin>2</ymin>
			<ymax>96</ymax>
		</bndbox>
	</object>
	<object>
		<name>TW</name>
		<pose>Unspecified</pose>
		<truncated>0</truncated>
		<difficult>0</difficult>
		<occluded>0</occluded>
		<bndbox>
			<xmin>181</xmin>
			<xmax>244</xmax>
			<ymin>0</ymin>
			<ymax>95</ymax>
		</bndbox>
	</object>
	<object>
		<name>THW</name>
		<pose>Unspecified</pose>
		<truncated>0</truncated>
		<difficult>0</difficult>
		<occluded>0</occluded>
		<bndbox>
			<xmin>0</xmin>
			<xmax>68</xmax>
			<ymin>218</ymin>
			<ymax>405</ymax>
		</bndbox>
	</object>
</annotation>
