<annotation>
	<folder></folder>
	<filename>frame_2006_jpg.rf.bf6983be1315bf774bbfcb38553d027f.jpg</filename>
	<path>frame_2006_jpg.rf.bf6983be1315bf774bbfcb38553d027f.jpg</path>
	<source>
		<database>roboflow.ai</database>
	</source>
	<size>
		<width>416</width>
		<height>416</height>
		<depth>3</depth>
	</size>
	<segmented>0</segmented>
	<object>
		<name>THW</name>
		<pose>Unspecified</pose>
		<truncated>0</truncated>
		<difficult>0</difficult>
		<occluded>0</occluded>
		<bndbox>
			<xmin>43</xmin>
			<xmax>199</xmax>
			<ymin>208</ymin>
			<ymax>406</ymax>
		</bndbox>
	</object>
	<object>
		<name>FW</name>
		<pose>Unspecified</pose>
		<truncated>0</truncated>
		<difficult>0</difficult>
		<occluded>0</occluded>
		<bndbox>
			<xmin>230</xmin>
			<xmax>397</xmax>
			<ymin>155</ymin>
			<ymax>330</ymax>
		</bndbox>
	</object>
	<object>
		<name>THW</name>
		<pose>Unspecified</pose>
		<truncated>0</truncated>
		<difficult>0</difficult>
		<occluded>0</occluded>
		<bndbox>
			<xmin>336</xmin>
			<xmax>415</xmax>
			<ymin>117</ymin>
			<ymax>257</ymax>
		</bndbox>
	</object>
</annotation>
