<annotation>
	<folder></folder>
	<filename>frame_149_jpg.rf.40bc135029aa213fd593d566a987ec83.jpg</filename>
	<path>frame_149_jpg.rf.40bc135029aa213fd593d566a987ec83.jpg</path>
	<source>
		<database>roboflow.ai</database>
	</source>
	<size>
		<width>416</width>
		<height>416</height>
		<depth>3</depth>
	</size>
	<segmented>0</segmented>
	<object>
		<name>TW</name>
		<pose>Unspecified</pose>
		<truncated>0</truncated>
		<difficult>0</difficult>
		<occluded>0</occluded>
		<bndbox>
			<xmin>283</xmin>
			<xmax>306</xmax>
			<ymin>51</ymin>
			<ymax>106</ymax>
		</bndbox>
	</object>
	<object>
		<name>FW</name>
		<pose>Unspecified</pose>
		<truncated>0</truncated>
		<difficult>0</difficult>
		<occluded>0</occluded>
		<bndbox>
			<xmin>235</xmin>
			<xmax>271</xmax>
			<ymin>16</ymin>
			<ymax>65</ymax>
		</bndbox>
	</object>
</annotation>
