<annotation>
	<folder></folder>
	<filename>frame_2538_jpg.rf.8f9855c5aea99fa24d42aa74317df4c5.jpg</filename>
	<path>frame_2538_jpg.rf.8f9855c5aea99fa24d42aa74317df4c5.jpg</path>
	<source>
		<database>roboflow.ai</database>
	</source>
	<size>
		<width>416</width>
		<height>416</height>
		<depth>3</depth>
	</size>
	<segmented>0</segmented>
	<object>
		<name>TW</name>
		<pose>Unspecified</pose>
		<truncated>0</truncated>
		<difficult>0</difficult>
		<occluded>0</occluded>
		<bndbox>
			<xmin>70</xmin>
			<xmax>105</xmax>
			<ymin>208</ymin>
			<ymax>338</ymax>
		</bndbox>
	</object>
</annotation>
