<annotation>
	<folder></folder>
	<filename>frame_1504_jpg.rf.6f99ac85f1721eb128c244927468c8f3.jpg</filename>
	<path>frame_1504_jpg.rf.6f99ac85f1721eb128c244927468c8f3.jpg</path>
	<source>
		<database>roboflow.ai</database>
	</source>
	<size>
		<width>416</width>
		<height>416</height>
		<depth>3</depth>
	</size>
	<segmented>0</segmented>
	<object>
		<name>THW</name>
		<pose>Unspecified</pose>
		<truncated>0</truncated>
		<difficult>0</difficult>
		<occluded>0</occluded>
		<bndbox>
			<xmin>115</xmin>
			<xmax>364</xmax>
			<ymin>153</ymin>
			<ymax>379</ymax>
		</bndbox>
	</object>
	<object>
		<name>THW</name>
		<pose>Unspecified</pose>
		<truncated>0</truncated>
		<difficult>0</difficult>
		<occluded>0</occluded>
		<bndbox>
			<xmin>4</xmin>
			<xmax>196</xmax>
			<ymin>143</ymin>
			<ymax>362</ymax>
		</bndbox>
	</object>
</annotation>
