<annotation>
	<folder></folder>
	<filename>frame_3451_jpg.rf.61e343ba1589ffb56203ae8cc8d0760f.jpg</filename>
	<path>frame_3451_jpg.rf.61e343ba1589ffb56203ae8cc8d0760f.jpg</path>
	<source>
		<database>roboflow.ai</database>
	</source>
	<size>
		<width>416</width>
		<height>416</height>
		<depth>3</depth>
	</size>
	<segmented>0</segmented>
	<object>
		<name>FW</name>
		<pose>Unspecified</pose>
		<truncated>0</truncated>
		<difficult>0</difficult>
		<occluded>0</occluded>
		<bndbox>
			<xmin>175</xmin>
			<xmax>267</xmax>
			<ymin>259</ymin>
			<ymax>377</ymax>
		</bndbox>
	</object>
</annotation>
