<annotation>
	<folder></folder>
	<filename>frame_3107_jpg.rf.3ae8abc9d10a250fe9ce680ece6b0558.jpg</filename>
	<path>frame_3107_jpg.rf.3ae8abc9d10a250fe9ce680ece6b0558.jpg</path>
	<source>
		<database>roboflow.ai</database>
	</source>
	<size>
		<width>416</width>
		<height>416</height>
		<depth>3</depth>
	</size>
	<segmented>0</segmented>
	<object>
		<name>TW</name>
		<pose>Unspecified</pose>
		<truncated>0</truncated>
		<difficult>0</difficult>
		<occluded>0</occluded>
		<bndbox>
			<xmin>81</xmin>
			<xmax>128</xmax>
			<ymin>265</ymin>
			<ymax>394</ymax>
		</bndbox>
	</object>
	<object>
		<name>TW</name>
		<pose>Unspecified</pose>
		<truncated>0</truncated>
		<difficult>0</difficult>
		<occluded>0</occluded>
		<bndbox>
			<xmin>111</xmin>
			<xmax>158</xmax>
			<ymin>222</ymin>
			<ymax>351</ymax>
		</bndbox>
	</object>
	<object>
		<name>THW</name>
		<pose>Unspecified</pose>
		<truncated>0</truncated>
		<difficult>0</difficult>
		<occluded>0</occluded>
		<bndbox>
			<xmin>6</xmin>
			<xmax>72</xmax>
			<ymin>282</ymin>
			<ymax>415</ymax>
		</bndbox>
	</object>
</annotation>
