<annotation>
	<folder></folder>
	<filename>frame_312_jpg.rf.50f0588f94d413c7dbfe815e97f4026d.jpg</filename>
	<path>frame_312_jpg.rf.50f0588f94d413c7dbfe815e97f4026d.jpg</path>
	<source>
		<database>roboflow.ai</database>
	</source>
	<size>
		<width>416</width>
		<height>416</height>
		<depth>3</depth>
	</size>
	<segmented>0</segmented>
	<object>
		<name>TW</name>
		<pose>Unspecified</pose>
		<truncated>0</truncated>
		<difficult>0</difficult>
		<occluded>0</occluded>
		<bndbox>
			<xmin>321</xmin>
			<xmax>352</xmax>
			<ymin>154</ymin>
			<ymax>237</ymax>
		</bndbox>
	</object>
</annotation>
