<annotation>
	<folder></folder>
	<filename>frame_259_jpg.rf.36e0d42453f30435a66ed34ce5c7707e.jpg</filename>
	<path>frame_259_jpg.rf.36e0d42453f30435a66ed34ce5c7707e.jpg</path>
	<source>
		<database>roboflow.ai</database>
	</source>
	<size>
		<width>416</width>
		<height>416</height>
		<depth>3</depth>
	</size>
	<segmented>0</segmented>
	<object>
		<name>FW</name>
		<pose>Unspecified</pose>
		<truncated>0</truncated>
		<difficult>0</difficult>
		<occluded>0</occluded>
		<bndbox>
			<xmin>114</xmin>
			<xmax>183</xmax>
			<ymin>164</ymin>
			<ymax>264</ymax>
		</bndbox>
	</object>
	<object>
		<name>TW</name>
		<pose>Unspecified</pose>
		<truncated>0</truncated>
		<difficult>0</difficult>
		<occluded>0</occluded>
		<bndbox>
			<xmin>168</xmin>
			<xmax>201</xmax>
			<ymin>260</ymin>
			<ymax>358</ymax>
		</bndbox>
	</object>
	<object>
		<name>TW</name>
		<pose>Unspecified</pose>
		<truncated>0</truncated>
		<difficult>0</difficult>
		<occluded>0</occluded>
		<bndbox>
			<xmin>321</xmin>
			<xmax>359</xmax>
			<ymin>249</ymin>
			<ymax>349</ymax>
		</bndbox>
	</object>
	<object>
		<name>TW</name>
		<pose>Unspecified</pose>
		<truncated>0</truncated>
		<difficult>0</difficult>
		<occluded>0</occluded>
		<bndbox>
			<xmin>303</xmin>
			<xmax>330</xmax>
			<ymin>40</ymin>
			<ymax>105</ymax>
		</bndbox>
	</object>
	<object>
		<name>FW</name>
		<pose>Unspecified</pose>
		<truncated>0</truncated>
		<difficult>0</difficult>
		<occluded>0</occluded>
		<bndbox>
			<xmin>223</xmin>
			<xmax>283</xmax>
			<ymin>263</ymin>
			<ymax>387</ymax>
		</bndbox>
	</object>
	<object>
		<name>FW</name>
		<pose>Unspecified</pose>
		<truncated>0</truncated>
		<difficult>0</difficult>
		<occluded>0</occluded>
		<bndbox>
			<xmin>248</xmin>
			<xmax>279</xmax>
			<ymin>15</ymin>
			<ymax>51</ymax>
		</bndbox>
	</object>
</annotation>
