<annotation>
	<folder></folder>
	<filename>frame_3475_jpg.rf.2bbec4fb566cc9adc7f7eb36940316f2.jpg</filename>
	<path>frame_3475_jpg.rf.2bbec4fb566cc9adc7f7eb36940316f2.jpg</path>
	<source>
		<database>roboflow.ai</database>
	</source>
	<size>
		<width>416</width>
		<height>416</height>
		<depth>3</depth>
	</size>
	<segmented>0</segmented>
	<object>
		<name>THW</name>
		<pose>Unspecified</pose>
		<truncated>0</truncated>
		<difficult>0</difficult>
		<occluded>0</occluded>
		<bndbox>
			<xmin>105</xmin>
			<xmax>288</xmax>
			<ymin>100</ymin>
			<ymax>349</ymax>
		</bndbox>
	</object>
</annotation>
