<annotation>
	<folder></folder>
	<filename>frame_1630_jpg.rf.8cc77848a1d7ea6bef2eaea0e387c38d.jpg</filename>
	<path>frame_1630_jpg.rf.8cc77848a1d7ea6bef2eaea0e387c38d.jpg</path>
	<source>
		<database>roboflow.ai</database>
	</source>
	<size>
		<width>416</width>
		<height>416</height>
		<depth>3</depth>
	</size>
	<segmented>0</segmented>
	<object>
		<name>THW</name>
		<pose>Unspecified</pose>
		<truncated>0</truncated>
		<difficult>0</difficult>
		<occluded>0</occluded>
		<bndbox>
			<xmin>155</xmin>
			<xmax>340</xmax>
			<ymin>88</ymin>
			<ymax>395</ymax>
		</bndbox>
	</object>
</annotation>
