<annotation>
	<folder></folder>
	<filename>frame_3332_jpg.rf.cbadf223ee68c440decb11779ccc7ac3.jpg</filename>
	<path>frame_3332_jpg.rf.cbadf223ee68c440decb11779ccc7ac3.jpg</path>
	<source>
		<database>roboflow.ai</database>
	</source>
	<size>
		<width>416</width>
		<height>416</height>
		<depth>3</depth>
	</size>
	<segmented>0</segmented>
	<object>
		<name>HV</name>
		<pose>Unspecified</pose>
		<truncated>0</truncated>
		<difficult>0</difficult>
		<occluded>0</occluded>
		<bndbox>
			<xmin>198</xmin>
			<xmax>415</xmax>
			<ymin>201</ymin>
			<ymax>383</ymax>
		</bndbox>
	</object>
	<object>
		<name>FW</name>
		<pose>Unspecified</pose>
		<truncated>0</truncated>
		<difficult>0</difficult>
		<occluded>0</occluded>
		<bndbox>
			<xmin>93</xmin>
			<xmax>143</xmax>
			<ymin>348</ymin>
			<ymax>409</ymax>
		</bndbox>
	</object>
	<object>
		<name>FW</name>
		<pose>Unspecified</pose>
		<truncated>0</truncated>
		<difficult>0</difficult>
		<occluded>0</occluded>
		<bndbox>
			<xmin>26</xmin>
			<xmax>79</xmax>
			<ymin>399</ymin>
			<ymax>415</ymax>
		</bndbox>
	</object>
	<object>
		<name>FW</name>
		<pose>Unspecified</pose>
		<truncated>0</truncated>
		<difficult>0</difficult>
		<occluded>0</occluded>
		<bndbox>
			<xmin>66</xmin>
			<xmax>117</xmax>
			<ymin>357</ymin>
			<ymax>415</ymax>
		</bndbox>
	</object>
	<object>
		<name>HV</name>
		<pose>Unspecified</pose>
		<truncated>0</truncated>
		<difficult>0</difficult>
		<occluded>0</occluded>
		<bndbox>
			<xmin>142</xmin>
			<xmax>191</xmax>
			<ymin>297</ymin>
			<ymax>360</ymax>
		</bndbox>
	</object>
	<object>
		<name>HV</name>
		<pose>Unspecified</pose>
		<truncated>0</truncated>
		<difficult>0</difficult>
		<occluded>0</occluded>
		<bndbox>
			<xmin>112</xmin>
			<xmax>161</xmax>
			<ymin>310</ymin>
			<ymax>373</ymax>
		</bndbox>
	</object>
</annotation>
