<annotation>
	<folder></folder>
	<filename>frame_1703_jpg.rf.3ffab43ec97b9ead830bdb17a49790cb.jpg</filename>
	<path>frame_1703_jpg.rf.3ffab43ec97b9ead830bdb17a49790cb.jpg</path>
	<source>
		<database>roboflow.ai</database>
	</source>
	<size>
		<width>416</width>
		<height>416</height>
		<depth>3</depth>
	</size>
	<segmented>0</segmented>
	<object>
		<name>THW</name>
		<pose>Unspecified</pose>
		<truncated>0</truncated>
		<difficult>0</difficult>
		<occluded>0</occluded>
		<bndbox>
			<xmin>207</xmin>
			<xmax>415</xmax>
			<ymin>52</ymin>
			<ymax>327</ymax>
		</bndbox>
	</object>
</annotation>
