<annotation>
	<folder></folder>
	<filename>frame_3114_jpg.rf.5f0806b5e759d082ae3cb27ef7d8a8c9.jpg</filename>
	<path>frame_3114_jpg.rf.5f0806b5e759d082ae3cb27ef7d8a8c9.jpg</path>
	<source>
		<database>roboflow.ai</database>
	</source>
	<size>
		<width>416</width>
		<height>416</height>
		<depth>3</depth>
	</size>
	<segmented>0</segmented>
	<object>
		<name>THW</name>
		<pose>Unspecified</pose>
		<truncated>0</truncated>
		<difficult>0</difficult>
		<occluded>0</occluded>
		<bndbox>
			<xmin>2</xmin>
			<xmax>73</xmax>
			<ymin>175</ymin>
			<ymax>305</ymax>
		</bndbox>
	</object>
	<object>
		<name>TW</name>
		<pose>Unspecified</pose>
		<truncated>0</truncated>
		<difficult>0</difficult>
		<occluded>0</occluded>
		<bndbox>
			<xmin>139</xmin>
			<xmax>188</xmax>
			<ymin>206</ymin>
			<ymax>306</ymax>
		</bndbox>
	</object>
	<object>
		<name>TW</name>
		<pose>Unspecified</pose>
		<truncated>0</truncated>
		<difficult>0</difficult>
		<occluded>0</occluded>
		<bndbox>
			<xmin>143</xmin>
			<xmax>192</xmax>
			<ymin>304</ymin>
			<ymax>404</ymax>
		</bndbox>
	</object>
</annotation>
