<annotation>
	<folder></folder>
	<filename>frame_3021_jpg.rf.8301df80b4ff95e3d76066c88bb54f12.jpg</filename>
	<path>frame_3021_jpg.rf.8301df80b4ff95e3d76066c88bb54f12.jpg</path>
	<source>
		<database>roboflow.ai</database>
	</source>
	<size>
		<width>416</width>
		<height>416</height>
		<depth>3</depth>
	</size>
	<segmented>0</segmented>
	<object>
		<name>TW</name>
		<pose>Unspecified</pose>
		<truncated>0</truncated>
		<difficult>0</difficult>
		<occluded>0</occluded>
		<bndbox>
			<xmin>66</xmin>
			<xmax>111</xmax>
			<ymin>154</ymin>
			<ymax>248</ymax>
		</bndbox>
	</object>
</annotation>
