<annotation>
	<folder></folder>
	<filename>frame_3140_jpg.rf.339e04b7fd87d844cb099e324857d6b3.jpg</filename>
	<path>frame_3140_jpg.rf.339e04b7fd87d844cb099e324857d6b3.jpg</path>
	<source>
		<database>roboflow.ai</database>
	</source>
	<size>
		<width>416</width>
		<height>416</height>
		<depth>3</depth>
	</size>
	<segmented>0</segmented>
	<object>
		<name>TW</name>
		<pose>Unspecified</pose>
		<truncated>0</truncated>
		<difficult>0</difficult>
		<occluded>0</occluded>
		<bndbox>
			<xmin>307</xmin>
			<xmax>351</xmax>
			<ymin>301</ymin>
			<ymax>403</ymax>
		</bndbox>
	</object>
</annotation>
