<annotation>
	<folder></folder>
	<filename>frame_2023_jpg.rf.bfa469040dc9d6b23d26696c7c3cf656.jpg</filename>
	<path>frame_2023_jpg.rf.bfa469040dc9d6b23d26696c7c3cf656.jpg</path>
	<source>
		<database>roboflow.ai</database>
	</source>
	<size>
		<width>416</width>
		<height>416</height>
		<depth>3</depth>
	</size>
	<segmented>0</segmented>
	<object>
		<name>THW</name>
		<pose>Unspecified</pose>
		<truncated>0</truncated>
		<difficult>0</difficult>
		<occluded>0</occluded>
		<bndbox>
			<xmin>6</xmin>
			<xmax>405</xmax>
			<ymin>66</ymin>
			<ymax>415</ymax>
		</bndbox>
	</object>
</annotation>
