<annotation>
	<folder></folder>
	<filename>frame_738_jpg.rf.f26a992f85ac935177c7fd21ac0af359.jpg</filename>
	<path>frame_738_jpg.rf.f26a992f85ac935177c7fd21ac0af359.jpg</path>
	<source>
		<database>roboflow.ai</database>
	</source>
	<size>
		<width>416</width>
		<height>416</height>
		<depth>3</depth>
	</size>
	<segmented>0</segmented>
	<object>
		<name>TW</name>
		<pose>Unspecified</pose>
		<truncated>0</truncated>
		<difficult>0</difficult>
		<occluded>0</occluded>
		<bndbox>
			<xmin>282</xmin>
			<xmax>310</xmax>
			<ymin>94</ymin>
			<ymax>175</ymax>
		</bndbox>
	</object>
</annotation>
