<annotation>
	<folder></folder>
	<filename>frame_2227_jpg.rf.d1a9d0e7e0f133d8102d55e5dbfdb0d5.jpg</filename>
	<path>frame_2227_jpg.rf.d1a9d0e7e0f133d8102d55e5dbfdb0d5.jpg</path>
	<source>
		<database>roboflow.ai</database>
	</source>
	<size>
		<width>416</width>
		<height>416</height>
		<depth>3</depth>
	</size>
	<segmented>0</segmented>
	<object>
		<name>FW</name>
		<pose>Unspecified</pose>
		<truncated>0</truncated>
		<difficult>0</difficult>
		<occluded>0</occluded>
		<bndbox>
			<xmin>303</xmin>
			<xmax>415</xmax>
			<ymin>108</ymin>
			<ymax>382</ymax>
		</bndbox>
	</object>
	<object>
		<name>FW</name>
		<pose>Unspecified</pose>
		<truncated>0</truncated>
		<difficult>0</difficult>
		<occluded>0</occluded>
		<bndbox>
			<xmin>210</xmin>
			<xmax>246</xmax>
			<ymin>333</ymin>
			<ymax>375</ymax>
		</bndbox>
	</object>
	<object>
		<name>FW</name>
		<pose>Unspecified</pose>
		<truncated>0</truncated>
		<difficult>0</difficult>
		<occluded>0</occluded>
		<bndbox>
			<xmin>155</xmin>
			<xmax>195</xmax>
			<ymin>324</ymin>
			<ymax>380</ymax>
		</bndbox>
	</object>
</annotation>
