<annotation>
	<folder></folder>
	<filename>frame_2262_jpg.rf.0fe1e45b9e2bd575f4c18b4a698e0ddc.jpg</filename>
	<path>frame_2262_jpg.rf.0fe1e45b9e2bd575f4c18b4a698e0ddc.jpg</path>
	<source>
		<database>roboflow.ai</database>
	</source>
	<size>
		<width>416</width>
		<height>416</height>
		<depth>3</depth>
	</size>
	<segmented>0</segmented>
	<object>
		<name>HV</name>
		<pose>Unspecified</pose>
		<truncated>0</truncated>
		<difficult>0</difficult>
		<occluded>0</occluded>
		<bndbox>
			<xmin>114</xmin>
			<xmax>221</xmax>
			<ymin>142</ymin>
			<ymax>333</ymax>
		</bndbox>
	</object>
	<object>
		<name>HV</name>
		<pose>Unspecified</pose>
		<truncated>0</truncated>
		<difficult>0</difficult>
		<occluded>0</occluded>
		<bndbox>
			<xmin>0</xmin>
			<xmax>115</xmax>
			<ymin>106</ymin>
			<ymax>301</ymax>
		</bndbox>
	</object>
	<object>
		<name>HV</name>
		<pose>Unspecified</pose>
		<truncated>0</truncated>
		<difficult>0</difficult>
		<occluded>0</occluded>
		<bndbox>
			<xmin>206</xmin>
			<xmax>281</xmax>
			<ymin>242</ymin>
			<ymax>359</ymax>
		</bndbox>
	</object>
</annotation>
