<annotation>
	<folder></folder>
	<filename>frame_1886_jpg.rf.a808883beebfe67ced61078ff573063c.jpg</filename>
	<path>frame_1886_jpg.rf.a808883beebfe67ced61078ff573063c.jpg</path>
	<source>
		<database>roboflow.ai</database>
	</source>
	<size>
		<width>416</width>
		<height>416</height>
		<depth>3</depth>
	</size>
	<segmented>0</segmented>
	<object>
		<name>TW</name>
		<pose>Unspecified</pose>
		<truncated>0</truncated>
		<difficult>0</difficult>
		<occluded>0</occluded>
		<bndbox>
			<xmin>0</xmin>
			<xmax>89</xmax>
			<ymin>151</ymin>
			<ymax>348</ymax>
		</bndbox>
	</object>
	<object>
		<name>THW</name>
		<pose>Unspecified</pose>
		<truncated>0</truncated>
		<difficult>0</difficult>
		<occluded>0</occluded>
		<bndbox>
			<xmin>125</xmin>
			<xmax>334</xmax>
			<ymin>39</ymin>
			<ymax>404</ymax>
		</bndbox>
	</object>
</annotation>
