<annotation>
	<folder></folder>
	<filename>frame_3737_jpg.rf.5c1b181c5376d8147d5fcd48502468ea.jpg</filename>
	<path>frame_3737_jpg.rf.5c1b181c5376d8147d5fcd48502468ea.jpg</path>
	<source>
		<database>roboflow.ai</database>
	</source>
	<size>
		<width>416</width>
		<height>416</height>
		<depth>3</depth>
	</size>
	<segmented>0</segmented>
	<object>
		<name>THW</name>
		<pose>Unspecified</pose>
		<truncated>0</truncated>
		<difficult>0</difficult>
		<occluded>0</occluded>
		<bndbox>
			<xmin>189</xmin>
			<xmax>215</xmax>
			<ymin>179</ymin>
			<ymax>228</ymax>
		</bndbox>
	</object>
	<object>
		<name>THW</name>
		<pose>Unspecified</pose>
		<truncated>0</truncated>
		<difficult>0</difficult>
		<occluded>0</occluded>
		<bndbox>
			<xmin>199</xmin>
			<xmax>219</xmax>
			<ymin>155</ymin>
			<ymax>195</ymax>
		</bndbox>
	</object>
	<object>
		<name>TW</name>
		<pose>Unspecified</pose>
		<truncated>0</truncated>
		<difficult>0</difficult>
		<occluded>0</occluded>
		<bndbox>
			<xmin>214</xmin>
			<xmax>234</xmax>
			<ymin>170</ymin>
			<ymax>208</ymax>
		</bndbox>
	</object>
</annotation>
