<annotation>
	<folder></folder>
	<filename>frame_2891_jpg.rf.8ede3608d9ee33fd7cdaa819d50b68ec.jpg</filename>
	<path>frame_2891_jpg.rf.8ede3608d9ee33fd7cdaa819d50b68ec.jpg</path>
	<source>
		<database>roboflow.ai</database>
	</source>
	<size>
		<width>416</width>
		<height>416</height>
		<depth>3</depth>
	</size>
	<segmented>0</segmented>
	<object>
		<name>TW</name>
		<pose>Unspecified</pose>
		<truncated>0</truncated>
		<difficult>0</difficult>
		<occluded>0</occluded>
		<bndbox>
			<xmin>147</xmin>
			<xmax>188</xmax>
			<ymin>227</ymin>
			<ymax>325</ymax>
		</bndbox>
	</object>
	<object>
		<name>TW</name>
		<pose>Unspecified</pose>
		<truncated>0</truncated>
		<difficult>0</difficult>
		<occluded>0</occluded>
		<bndbox>
			<xmin>86</xmin>
			<xmax>124</xmax>
			<ymin>236</ymin>
			<ymax>331</ymax>
		</bndbox>
	</object>
</annotation>
