<annotation>
	<folder></folder>
	<filename>frame_3214_jpg.rf.2517502d62896cbfbd849d4937d66f15.jpg</filename>
	<path>frame_3214_jpg.rf.2517502d62896cbfbd849d4937d66f15.jpg</path>
	<source>
		<database>roboflow.ai</database>
	</source>
	<size>
		<width>416</width>
		<height>416</height>
		<depth>3</depth>
	</size>
	<segmented>0</segmented>
	<object>
		<name>THW</name>
		<pose>Unspecified</pose>
		<truncated>0</truncated>
		<difficult>0</difficult>
		<occluded>0</occluded>
		<bndbox>
			<xmin>268</xmin>
			<xmax>415</xmax>
			<ymin>154</ymin>
			<ymax>357</ymax>
		</bndbox>
	</object>
	<object>
		<name>THW</name>
		<pose>Unspecified</pose>
		<truncated>0</truncated>
		<difficult>0</difficult>
		<occluded>0</occluded>
		<bndbox>
			<xmin>38</xmin>
			<xmax>126</xmax>
			<ymin>114</ymin>
			<ymax>260</ymax>
		</bndbox>
	</object>
	<object>
		<name>FW</name>
		<pose>Unspecified</pose>
		<truncated>0</truncated>
		<difficult>0</difficult>
		<occluded>0</occluded>
		<bndbox>
			<xmin>112</xmin>
			<xmax>287</xmax>
			<ymin>129</ymin>
			<ymax>314</ymax>
		</bndbox>
	</object>
</annotation>
