<annotation>
	<folder></folder>
	<filename>frame_2961_jpg.rf.44fa7d3043a0b097e96c4135566c99de.jpg</filename>
	<path>frame_2961_jpg.rf.44fa7d3043a0b097e96c4135566c99de.jpg</path>
	<source>
		<database>roboflow.ai</database>
	</source>
	<size>
		<width>416</width>
		<height>416</height>
		<depth>3</depth>
	</size>
	<segmented>0</segmented>
	<object>
		<name>TW</name>
		<pose>Unspecified</pose>
		<truncated>0</truncated>
		<difficult>0</difficult>
		<occluded>0</occluded>
		<bndbox>
			<xmin>334</xmin>
			<xmax>369</xmax>
			<ymin>136</ymin>
			<ymax>247</ymax>
		</bndbox>
	</object>
	<object>
		<name>TW</name>
		<pose>Unspecified</pose>
		<truncated>0</truncated>
		<difficult>0</difficult>
		<occluded>0</occluded>
		<bndbox>
			<xmin>300</xmin>
			<xmax>335</xmax>
			<ymin>122</ymin>
			<ymax>233</ymax>
		</bndbox>
	</object>
</annotation>
