<annotation>
	<folder></folder>
	<filename>frame_2463_jpg.rf.bedf7f1ab2288d42073b5395d9f985fa.jpg</filename>
	<path>frame_2463_jpg.rf.bedf7f1ab2288d42073b5395d9f985fa.jpg</path>
	<source>
		<database>roboflow.ai</database>
	</source>
	<size>
		<width>416</width>
		<height>416</height>
		<depth>3</depth>
	</size>
	<segmented>0</segmented>
	<object>
		<name>THW</name>
		<pose>Unspecified</pose>
		<truncated>0</truncated>
		<difficult>0</difficult>
		<occluded>0</occluded>
		<bndbox>
			<xmin>79</xmin>
			<xmax>160</xmax>
			<ymin>262</ymin>
			<ymax>396</ymax>
		</bndbox>
	</object>
	<object>
		<name>TW</name>
		<pose>Unspecified</pose>
		<truncated>0</truncated>
		<difficult>0</difficult>
		<occluded>0</occluded>
		<bndbox>
			<xmin>136</xmin>
			<xmax>182</xmax>
			<ymin>232</ymin>
			<ymax>315</ymax>
		</bndbox>
	</object>
</annotation>
