<annotation>
	<folder></folder>
	<filename>frame_2298_jpg.rf.48dd18ec43978086f2a471a98c00f206.jpg</filename>
	<path>frame_2298_jpg.rf.48dd18ec43978086f2a471a98c00f206.jpg</path>
	<source>
		<database>roboflow.ai</database>
	</source>
	<size>
		<width>416</width>
		<height>416</height>
		<depth>3</depth>
	</size>
	<segmented>0</segmented>
	<object>
		<name>FW</name>
		<pose>Unspecified</pose>
		<truncated>0</truncated>
		<difficult>0</difficult>
		<occluded>0</occluded>
		<bndbox>
			<xmin>144</xmin>
			<xmax>203</xmax>
			<ymin>257</ymin>
			<ymax>355</ymax>
		</bndbox>
	</object>
</annotation>
