<annotation>
	<folder></folder>
	<filename>frame_2867_jpg.rf.ffab09120989e120a97c764af0c919b2.jpg</filename>
	<path>frame_2867_jpg.rf.ffab09120989e120a97c764af0c919b2.jpg</path>
	<source>
		<database>roboflow.ai</database>
	</source>
	<size>
		<width>416</width>
		<height>416</height>
		<depth>3</depth>
	</size>
	<segmented>0</segmented>
	<object>
		<name>TW</name>
		<pose>Unspecified</pose>
		<truncated>0</truncated>
		<difficult>0</difficult>
		<occluded>0</occluded>
		<bndbox>
			<xmin>70</xmin>
			<xmax>101</xmax>
			<ymin>238</ymin>
			<ymax>355</ymax>
		</bndbox>
	</object>
	<object>
		<name>TW</name>
		<pose>Unspecified</pose>
		<truncated>0</truncated>
		<difficult>0</difficult>
		<occluded>0</occluded>
		<bndbox>
			<xmin>50</xmin>
			<xmax>81</xmax>
			<ymin>248</ymin>
			<ymax>365</ymax>
		</bndbox>
	</object>
	<object>
		<name>TW</name>
		<pose>Unspecified</pose>
		<truncated>0</truncated>
		<difficult>0</difficult>
		<occluded>0</occluded>
		<bndbox>
			<xmin>20</xmin>
			<xmax>51</xmax>
			<ymin>250</ymin>
			<ymax>367</ymax>
		</bndbox>
	</object>
	<object>
		<name>TW</name>
		<pose>Unspecified</pose>
		<truncated>0</truncated>
		<difficult>0</difficult>
		<occluded>0</occluded>
		<bndbox>
			<xmin>4</xmin>
			<xmax>36</xmax>
			<ymin>321</ymin>
			<ymax>415</ymax>
		</bndbox>
	</object>
</annotation>
