<annotation>
	<folder></folder>
	<filename>frame_2830_jpg.rf.370a46f4ddbe3fc8d8832997655be27f.jpg</filename>
	<path>frame_2830_jpg.rf.370a46f4ddbe3fc8d8832997655be27f.jpg</path>
	<source>
		<database>roboflow.ai</database>
	</source>
	<size>
		<width>416</width>
		<height>416</height>
		<depth>3</depth>
	</size>
	<segmented>0</segmented>
	<object>
		<name>TW</name>
		<pose>Unspecified</pose>
		<truncated>0</truncated>
		<difficult>0</difficult>
		<occluded>0</occluded>
		<bndbox>
			<xmin>255</xmin>
			<xmax>307</xmax>
			<ymin>252</ymin>
			<ymax>370</ymax>
		</bndbox>
	</object>
	<object>
		<name>TW</name>
		<pose>Unspecified</pose>
		<truncated>0</truncated>
		<difficult>0</difficult>
		<occluded>0</occluded>
		<bndbox>
			<xmin>316</xmin>
			<xmax>368</xmax>
			<ymin>237</ymin>
			<ymax>355</ymax>
		</bndbox>
	</object>
</annotation>
