<annotation>
	<folder></folder>
	<filename>frame_1717_jpg.rf.26d4f1a052702f1d77256ee04279cbf1.jpg</filename>
	<path>frame_1717_jpg.rf.26d4f1a052702f1d77256ee04279cbf1.jpg</path>
	<source>
		<database>roboflow.ai</database>
	</source>
	<size>
		<width>416</width>
		<height>416</height>
		<depth>3</depth>
	</size>
	<segmented>0</segmented>
	<object>
		<name>THW</name>
		<pose>Unspecified</pose>
		<truncated>0</truncated>
		<difficult>0</difficult>
		<occluded>0</occluded>
		<bndbox>
			<xmin>32</xmin>
			<xmax>384</xmax>
			<ymin>20</ymin>
			<ymax>415</ymax>
		</bndbox>
	</object>
</annotation>
