<annotation>
	<folder></folder>
	<filename>frame_255_jpg.rf.5f4a983bf03bfc6ccf93580216306355.jpg</filename>
	<path>frame_255_jpg.rf.5f4a983bf03bfc6ccf93580216306355.jpg</path>
	<source>
		<database>roboflow.ai</database>
	</source>
	<size>
		<width>416</width>
		<height>416</height>
		<depth>3</depth>
	</size>
	<segmented>0</segmented>
	<object>
		<name>TW</name>
		<pose>Unspecified</pose>
		<truncated>0</truncated>
		<difficult>0</difficult>
		<occluded>0</occluded>
		<bndbox>
			<xmin>215</xmin>
			<xmax>234</xmax>
			<ymin>43</ymin>
			<ymax>101</ymax>
		</bndbox>
	</object>
	<object>
		<name>TW</name>
		<pose>Unspecified</pose>
		<truncated>0</truncated>
		<difficult>0</difficult>
		<occluded>0</occluded>
		<bndbox>
			<xmin>228</xmin>
			<xmax>256</xmax>
			<ymin>154</ymin>
			<ymax>237</ymax>
		</bndbox>
	</object>
	<object>
		<name>TW</name>
		<pose>Unspecified</pose>
		<truncated>0</truncated>
		<difficult>0</difficult>
		<occluded>0</occluded>
		<bndbox>
			<xmin>304</xmin>
			<xmax>337</xmax>
			<ymin>180</ymin>
			<ymax>266</ymax>
		</bndbox>
	</object>
	<object>
		<name>THW</name>
		<pose>Unspecified</pose>
		<truncated>0</truncated>
		<difficult>0</difficult>
		<occluded>0</occluded>
		<bndbox>
			<xmin>277</xmin>
			<xmax>313</xmax>
			<ymin>21</ymin>
			<ymax>81</ymax>
		</bndbox>
	</object>
</annotation>
