<annotation>
	<folder></folder>
	<filename>frame_2572_jpg.rf.f8602f9e9c42983b5f9ddfa7c710e065.jpg</filename>
	<path>frame_2572_jpg.rf.f8602f9e9c42983b5f9ddfa7c710e065.jpg</path>
	<source>
		<database>roboflow.ai</database>
	</source>
	<size>
		<width>416</width>
		<height>416</height>
		<depth>3</depth>
	</size>
	<segmented>0</segmented>
	<object>
		<name>TW</name>
		<pose>Unspecified</pose>
		<truncated>0</truncated>
		<difficult>0</difficult>
		<occluded>0</occluded>
		<bndbox>
			<xmin>84</xmin>
			<xmax>122</xmax>
			<ymin>170</ymin>
			<ymax>256</ymax>
		</bndbox>
	</object>
	<object>
		<name>TW</name>
		<pose>Unspecified</pose>
		<truncated>0</truncated>
		<difficult>0</difficult>
		<occluded>0</occluded>
		<bndbox>
			<xmin>60</xmin>
			<xmax>98</xmax>
			<ymin>171</ymin>
			<ymax>257</ymax>
		</bndbox>
	</object>
</annotation>
