<annotation>
	<folder></folder>
	<filename>frame_2791_jpg.rf.26b0c1f70d20dcaf89f927549b6eb64d.jpg</filename>
	<path>frame_2791_jpg.rf.26b0c1f70d20dcaf89f927549b6eb64d.jpg</path>
	<source>
		<database>roboflow.ai</database>
	</source>
	<size>
		<width>416</width>
		<height>416</height>
		<depth>3</depth>
	</size>
	<segmented>0</segmented>
	<object>
		<name>TW</name>
		<pose>Unspecified</pose>
		<truncated>0</truncated>
		<difficult>0</difficult>
		<occluded>0</occluded>
		<bndbox>
			<xmin>219</xmin>
			<xmax>292</xmax>
			<ymin>290</ymin>
			<ymax>408</ymax>
		</bndbox>
	</object>
</annotation>
