<annotation>
	<folder></folder>
	<filename>frame_3235_jpg.rf.2534b672ed96ac7ad8f967b53a314ad8.jpg</filename>
	<path>frame_3235_jpg.rf.2534b672ed96ac7ad8f967b53a314ad8.jpg</path>
	<source>
		<database>roboflow.ai</database>
	</source>
	<size>
		<width>416</width>
		<height>416</height>
		<depth>3</depth>
	</size>
	<segmented>0</segmented>
	<object>
		<name>TW</name>
		<pose>Unspecified</pose>
		<truncated>0</truncated>
		<difficult>0</difficult>
		<occluded>0</occluded>
		<bndbox>
			<xmin>105</xmin>
			<xmax>151</xmax>
			<ymin>159</ymin>
			<ymax>222</ymax>
		</bndbox>
	</object>
	<object>
		<name>TW</name>
		<pose>Unspecified</pose>
		<truncated>0</truncated>
		<difficult>0</difficult>
		<occluded>0</occluded>
		<bndbox>
			<xmin>121</xmin>
			<xmax>244</xmax>
			<ymin>141</ymin>
			<ymax>314</ymax>
		</bndbox>
	</object>
	<object>
		<name>TW</name>
		<pose>Unspecified</pose>
		<truncated>0</truncated>
		<difficult>0</difficult>
		<occluded>0</occluded>
		<bndbox>
			<xmin>284</xmin>
			<xmax>328</xmax>
			<ymin>145</ymin>
			<ymax>236</ymax>
		</bndbox>
	</object>
	<object>
		<name>FW</name>
		<pose>Unspecified</pose>
		<truncated>0</truncated>
		<difficult>0</difficult>
		<occluded>0</occluded>
		<bndbox>
			<xmin>223</xmin>
			<xmax>283</xmax>
			<ymin>153</ymin>
			<ymax>219</ymax>
		</bndbox>
	</object>
</annotation>
