<annotation>
	<folder></folder>
	<filename>frame_3453_jpg.rf.56b8562786fea1373a117030b165ebdd.jpg</filename>
	<path>frame_3453_jpg.rf.56b8562786fea1373a117030b165ebdd.jpg</path>
	<source>
		<database>roboflow.ai</database>
	</source>
	<size>
		<width>416</width>
		<height>416</height>
		<depth>3</depth>
	</size>
	<segmented>0</segmented>
	<object>
		<name>TW</name>
		<pose>Unspecified</pose>
		<truncated>0</truncated>
		<difficult>0</difficult>
		<occluded>0</occluded>
		<bndbox>
			<xmin>95</xmin>
			<xmax>153</xmax>
			<ymin>113</ymin>
			<ymax>275</ymax>
		</bndbox>
	</object>
</annotation>
