<annotation>
	<folder></folder>
	<filename>frame_3256_jpg.rf.7320199022505615bdd95a75176a04ee.jpg</filename>
	<path>frame_3256_jpg.rf.7320199022505615bdd95a75176a04ee.jpg</path>
	<source>
		<database>roboflow.ai</database>
	</source>
	<size>
		<width>416</width>
		<height>416</height>
		<depth>3</depth>
	</size>
	<segmented>0</segmented>
	<object>
		<name>FW</name>
		<pose>Unspecified</pose>
		<truncated>0</truncated>
		<difficult>0</difficult>
		<occluded>0</occluded>
		<bndbox>
			<xmin>49</xmin>
			<xmax>260</xmax>
			<ymin>192</ymin>
			<ymax>415</ymax>
		</bndbox>
	</object>
	<object>
		<name>THW</name>
		<pose>Unspecified</pose>
		<truncated>0</truncated>
		<difficult>0</difficult>
		<occluded>0</occluded>
		<bndbox>
			<xmin>169</xmin>
			<xmax>303</xmax>
			<ymin>163</ymin>
			<ymax>365</ymax>
		</bndbox>
	</object>
</annotation>
