<annotation>
	<folder></folder>
	<filename>frame_1870_jpg.rf.c70ebf21de97315ce3f51a0249967d53.jpg</filename>
	<path>frame_1870_jpg.rf.c70ebf21de97315ce3f51a0249967d53.jpg</path>
	<source>
		<database>roboflow.ai</database>
	</source>
	<size>
		<width>416</width>
		<height>416</height>
		<depth>3</depth>
	</size>
	<segmented>0</segmented>
	<object>
		<name>THW</name>
		<pose>Unspecified</pose>
		<truncated>0</truncated>
		<difficult>0</difficult>
		<occluded>0</occluded>
		<bndbox>
			<xmin>30</xmin>
			<xmax>270</xmax>
			<ymin>34</ymin>
			<ymax>393</ymax>
		</bndbox>
	</object>
	<object>
		<name>THW</name>
		<pose>Unspecified</pose>
		<truncated>0</truncated>
		<difficult>0</difficult>
		<occluded>0</occluded>
		<bndbox>
			<xmin>200</xmin>
			<xmax>329</xmax>
			<ymin>15</ymin>
			<ymax>214</ymax>
		</bndbox>
	</object>
</annotation>
