<annotation>
	<folder></folder>
	<filename>frame_979_jpg.rf.140fbfda8352965caa1d1af18443a0f9.jpg</filename>
	<path>frame_979_jpg.rf.140fbfda8352965caa1d1af18443a0f9.jpg</path>
	<source>
		<database>roboflow.ai</database>
	</source>
	<size>
		<width>416</width>
		<height>416</height>
		<depth>3</depth>
	</size>
	<segmented>0</segmented>
	<object>
		<name>TW</name>
		<pose>Unspecified</pose>
		<truncated>0</truncated>
		<difficult>0</difficult>
		<occluded>0</occluded>
		<bndbox>
			<xmin>315</xmin>
			<xmax>335</xmax>
			<ymin>26</ymin>
			<ymax>74</ymax>
		</bndbox>
	</object>
	<object>
		<name>FW</name>
		<pose>Unspecified</pose>
		<truncated>0</truncated>
		<difficult>0</difficult>
		<occluded>0</occluded>
		<bndbox>
			<xmin>105</xmin>
			<xmax>181</xmax>
			<ymin>202</ymin>
			<ymax>326</ymax>
		</bndbox>
	</object>
	<object>
		<name>FW</name>
		<pose>Unspecified</pose>
		<truncated>0</truncated>
		<difficult>0</difficult>
		<occluded>0</occluded>
		<bndbox>
			<xmin>219</xmin>
			<xmax>281</xmax>
			<ymin>144</ymin>
			<ymax>246</ymax>
		</bndbox>
	</object>
</annotation>
