<annotation>
	<folder></folder>
	<filename>frame_1486_jpg.rf.7cd77c0ef268e117dc1f5f433f8571f2.jpg</filename>
	<path>frame_1486_jpg.rf.7cd77c0ef268e117dc1f5f433f8571f2.jpg</path>
	<source>
		<database>roboflow.ai</database>
	</source>
	<size>
		<width>416</width>
		<height>416</height>
		<depth>3</depth>
	</size>
	<segmented>0</segmented>
	<object>
		<name>THW</name>
		<pose>Unspecified</pose>
		<truncated>0</truncated>
		<difficult>0</difficult>
		<occluded>0</occluded>
		<bndbox>
			<xmin>6</xmin>
			<xmax>415</xmax>
			<ymin>87</ymin>
			<ymax>415</ymax>
		</bndbox>
	</object>
</annotation>
