<annotation>
	<folder></folder>
	<filename>frame_1774_jpg.rf.20b2848b6dc1a910ae7be0cc3c3156a0.jpg</filename>
	<path>frame_1774_jpg.rf.20b2848b6dc1a910ae7be0cc3c3156a0.jpg</path>
	<source>
		<database>roboflow.ai</database>
	</source>
	<size>
		<width>416</width>
		<height>416</height>
		<depth>3</depth>
	</size>
	<segmented>0</segmented>
	<object>
		<name>FW</name>
		<pose>Unspecified</pose>
		<truncated>0</truncated>
		<difficult>0</difficult>
		<occluded>0</occluded>
		<bndbox>
			<xmin>248</xmin>
			<xmax>415</xmax>
			<ymin>0</ymin>
			<ymax>331</ymax>
		</bndbox>
	</object>
	<object>
		<name>TW</name>
		<pose>Unspecified</pose>
		<truncated>0</truncated>
		<difficult>0</difficult>
		<occluded>0</occluded>
		<bndbox>
			<xmin>164</xmin>
			<xmax>353</xmax>
			<ymin>55</ymin>
			<ymax>415</ymax>
		</bndbox>
	</object>
	<object>
		<name>FW</name>
		<pose>Unspecified</pose>
		<truncated>0</truncated>
		<difficult>0</difficult>
		<occluded>0</occluded>
		<bndbox>
			<xmin>101</xmin>
			<xmax>205</xmax>
			<ymin>89</ymin>
			<ymax>270</ymax>
		</bndbox>
	</object>
</annotation>
