<annotation>
	<folder></folder>
	<filename>frame_2937_jpg.rf.1a635ffbb276df1d1e92cc57addd30da.jpg</filename>
	<path>frame_2937_jpg.rf.1a635ffbb276df1d1e92cc57addd30da.jpg</path>
	<source>
		<database>roboflow.ai</database>
	</source>
	<size>
		<width>416</width>
		<height>416</height>
		<depth>3</depth>
	</size>
	<segmented>0</segmented>
	<object>
		<name>TW</name>
		<pose>Unspecified</pose>
		<truncated>0</truncated>
		<difficult>0</difficult>
		<occluded>0</occluded>
		<bndbox>
			<xmin>69</xmin>
			<xmax>127</xmax>
			<ymin>178</ymin>
			<ymax>269</ymax>
		</bndbox>
	</object>
	<object>
		<name>TW</name>
		<pose>Unspecified</pose>
		<truncated>0</truncated>
		<difficult>0</difficult>
		<occluded>0</occluded>
		<bndbox>
			<xmin>58</xmin>
			<xmax>116</xmax>
			<ymin>137</ymin>
			<ymax>237</ymax>
		</bndbox>
	</object>
</annotation>
