<annotation>
	<folder></folder>
	<filename>frame_3375_jpg.rf.6c3dddc9034addd30cb1f799c8ddb281.jpg</filename>
	<path>frame_3375_jpg.rf.6c3dddc9034addd30cb1f799c8ddb281.jpg</path>
	<source>
		<database>roboflow.ai</database>
	</source>
	<size>
		<width>416</width>
		<height>416</height>
		<depth>3</depth>
	</size>
	<segmented>0</segmented>
	<object>
		<name>TW</name>
		<pose>Unspecified</pose>
		<truncated>0</truncated>
		<difficult>0</difficult>
		<occluded>0</occluded>
		<bndbox>
			<xmin>131</xmin>
			<xmax>238</xmax>
			<ymin>99</ymin>
			<ymax>415</ymax>
		</bndbox>
	</object>
	<object>
		<name>TW</name>
		<pose>Unspecified</pose>
		<truncated>0</truncated>
		<difficult>0</difficult>
		<occluded>0</occluded>
		<bndbox>
			<xmin>226</xmin>
			<xmax>333</xmax>
			<ymin>109</ymin>
			<ymax>415</ymax>
		</bndbox>
	</object>
</annotation>
