<annotation>
	<folder></folder>
	<filename>frame_2757_jpg.rf.05e79971fa9954bfc1a125053f7309be.jpg</filename>
	<path>frame_2757_jpg.rf.05e79971fa9954bfc1a125053f7309be.jpg</path>
	<source>
		<database>roboflow.ai</database>
	</source>
	<size>
		<width>416</width>
		<height>416</height>
		<depth>3</depth>
	</size>
	<segmented>0</segmented>
	<object>
		<name>TW</name>
		<pose>Unspecified</pose>
		<truncated>0</truncated>
		<difficult>0</difficult>
		<occluded>0</occluded>
		<bndbox>
			<xmin>317</xmin>
			<xmax>354</xmax>
			<ymin>252</ymin>
			<ymax>366</ymax>
		</bndbox>
	</object>
</annotation>
