<annotation>
	<folder></folder>
	<filename>frame_3361_jpg.rf.c4a2c70c691d33a1db8fa8cd958d5378.jpg</filename>
	<path>frame_3361_jpg.rf.c4a2c70c691d33a1db8fa8cd958d5378.jpg</path>
	<source>
		<database>roboflow.ai</database>
	</source>
	<size>
		<width>416</width>
		<height>416</height>
		<depth>3</depth>
	</size>
	<segmented>0</segmented>
	<object>
		<name>TW</name>
		<pose>Unspecified</pose>
		<truncated>0</truncated>
		<difficult>0</difficult>
		<occluded>0</occluded>
		<bndbox>
			<xmin>46</xmin>
			<xmax>156</xmax>
			<ymin>182</ymin>
			<ymax>368</ymax>
		</bndbox>
	</object>
	<object>
		<name>FW</name>
		<pose>Unspecified</pose>
		<truncated>0</truncated>
		<difficult>0</difficult>
		<occluded>0</occluded>
		<bndbox>
			<xmin>14</xmin>
			<xmax>83</xmax>
			<ymin>210</ymin>
			<ymax>287</ymax>
		</bndbox>
	</object>
	<object>
		<name>FW</name>
		<pose>Unspecified</pose>
		<truncated>0</truncated>
		<difficult>0</difficult>
		<occluded>0</occluded>
		<bndbox>
			<xmin>321</xmin>
			<xmax>356</xmax>
			<ymin>145</ymin>
			<ymax>185</ymax>
		</bndbox>
	</object>
</annotation>
