<annotation>
	<folder></folder>
	<filename>frame_2962_jpg.rf.d82af9abb01019b5f7110b98c35c49a2.jpg</filename>
	<path>frame_2962_jpg.rf.d82af9abb01019b5f7110b98c35c49a2.jpg</path>
	<source>
		<database>roboflow.ai</database>
	</source>
	<size>
		<width>416</width>
		<height>416</height>
		<depth>3</depth>
	</size>
	<segmented>0</segmented>
	<object>
		<name>TW</name>
		<pose>Unspecified</pose>
		<truncated>0</truncated>
		<difficult>0</difficult>
		<occluded>0</occluded>
		<bndbox>
			<xmin>287</xmin>
			<xmax>338</xmax>
			<ymin>239</ymin>
			<ymax>352</ymax>
		</bndbox>
	</object>
	<object>
		<name>TW</name>
		<pose>Unspecified</pose>
		<truncated>0</truncated>
		<difficult>0</difficult>
		<occluded>0</occluded>
		<bndbox>
			<xmin>370</xmin>
			<xmax>415</xmax>
			<ymin>256</ymin>
			<ymax>390</ymax>
		</bndbox>
	</object>
	<object>
		<name>TW</name>
		<pose>Unspecified</pose>
		<truncated>0</truncated>
		<difficult>0</difficult>
		<occluded>0</occluded>
		<bndbox>
			<xmin>339</xmin>
			<xmax>374</xmax>
			<ymin>222</ymin>
			<ymax>324</ymax>
		</bndbox>
	</object>
</annotation>
