<annotation>
	<folder></folder>
	<filename>frame_2035_jpg.rf.a036eb2d53fd9eba4e4fcbab2a3319f6.jpg</filename>
	<path>frame_2035_jpg.rf.a036eb2d53fd9eba4e4fcbab2a3319f6.jpg</path>
	<source>
		<database>roboflow.ai</database>
	</source>
	<size>
		<width>416</width>
		<height>416</height>
		<depth>3</depth>
	</size>
	<segmented>0</segmented>
	<object>
		<name>THW</name>
		<pose>Unspecified</pose>
		<truncated>0</truncated>
		<difficult>0</difficult>
		<occluded>0</occluded>
		<bndbox>
			<xmin>115</xmin>
			<xmax>411</xmax>
			<ymin>63</ymin>
			<ymax>414</ymax>
		</bndbox>
	</object>
</annotation>
