<annotation>
	<folder></folder>
	<filename>frame_3155_jpg.rf.80b6762087872fcb8dea4a57bac7e185.jpg</filename>
	<path>frame_3155_jpg.rf.80b6762087872fcb8dea4a57bac7e185.jpg</path>
	<source>
		<database>roboflow.ai</database>
	</source>
	<size>
		<width>416</width>
		<height>416</height>
		<depth>3</depth>
	</size>
	<segmented>0</segmented>
	<object>
		<name>TW</name>
		<pose>Unspecified</pose>
		<truncated>0</truncated>
		<difficult>0</difficult>
		<occluded>0</occluded>
		<bndbox>
			<xmin>258</xmin>
			<xmax>301</xmax>
			<ymin>272</ymin>
			<ymax>389</ymax>
		</bndbox>
	</object>
	<object>
		<name>TW</name>
		<pose>Unspecified</pose>
		<truncated>0</truncated>
		<difficult>0</difficult>
		<occluded>0</occluded>
		<bndbox>
			<xmin>217</xmin>
			<xmax>260</xmax>
			<ymin>205</ymin>
			<ymax>322</ymax>
		</bndbox>
	</object>
</annotation>
