<annotation>
	<folder></folder>
	<filename>frame_2802_jpg.rf.6fe7f836c32c07872b1aa32c40252129.jpg</filename>
	<path>frame_2802_jpg.rf.6fe7f836c32c07872b1aa32c40252129.jpg</path>
	<source>
		<database>roboflow.ai</database>
	</source>
	<size>
		<width>416</width>
		<height>416</height>
		<depth>3</depth>
	</size>
	<segmented>0</segmented>
	<object>
		<name>FW</name>
		<pose>Unspecified</pose>
		<truncated>0</truncated>
		<difficult>0</difficult>
		<occluded>0</occluded>
		<bndbox>
			<xmin>184</xmin>
			<xmax>277</xmax>
			<ymin>158</ymin>
			<ymax>317</ymax>
		</bndbox>
	</object>
	<object>
		<name>TW</name>
		<pose>Unspecified</pose>
		<truncated>0</truncated>
		<difficult>0</difficult>
		<occluded>0</occluded>
		<bndbox>
			<xmin>280</xmin>
			<xmax>320</xmax>
			<ymin>215</ymin>
			<ymax>313</ymax>
		</bndbox>
	</object>
	<object>
		<name>TW</name>
		<pose>Unspecified</pose>
		<truncated>0</truncated>
		<difficult>0</difficult>
		<occluded>0</occluded>
		<bndbox>
			<xmin>300</xmin>
			<xmax>340</xmax>
			<ymin>204</ymin>
			<ymax>302</ymax>
		</bndbox>
	</object>
	<object>
		<name>TW</name>
		<pose>Unspecified</pose>
		<truncated>0</truncated>
		<difficult>0</difficult>
		<occluded>0</occluded>
		<bndbox>
			<xmin>253</xmin>
			<xmax>293</xmax>
			<ymin>186</ymin>
			<ymax>284</ymax>
		</bndbox>
	</object>
</annotation>
