<annotation>
	<folder></folder>
	<filename>frame_1506_jpg.rf.dbccb52cd91e66df3150055562c77908.jpg</filename>
	<path>frame_1506_jpg.rf.dbccb52cd91e66df3150055562c77908.jpg</path>
	<source>
		<database>roboflow.ai</database>
	</source>
	<size>
		<width>416</width>
		<height>416</height>
		<depth>3</depth>
	</size>
	<segmented>0</segmented>
	<object>
		<name>THW</name>
		<pose>Unspecified</pose>
		<truncated>0</truncated>
		<difficult>0</difficult>
		<occluded>0</occluded>
		<bndbox>
			<xmin>111</xmin>
			<xmax>323</xmax>
			<ymin>62</ymin>
			<ymax>333</ymax>
		</bndbox>
	</object>
	<object>
		<name>THW</name>
		<pose>Unspecified</pose>
		<truncated>0</truncated>
		<difficult>0</difficult>
		<occluded>0</occluded>
		<bndbox>
			<xmin>39</xmin>
			<xmax>143</xmax>
			<ymin>35</ymin>
			<ymax>231</ymax>
		</bndbox>
	</object>
	<object>
		<name>THW</name>
		<pose>Unspecified</pose>
		<truncated>0</truncated>
		<difficult>0</difficult>
		<occluded>0</occluded>
		<bndbox>
			<xmin>0</xmin>
			<xmax>76</xmax>
			<ymin>10</ymin>
			<ymax>188</ymax>
		</bndbox>
	</object>
</annotation>
