<annotation>
	<folder></folder>
	<filename>frame_1897_jpg.rf.a5c1004ca3d84f2e7c28ae96ab14f18c.jpg</filename>
	<path>frame_1897_jpg.rf.a5c1004ca3d84f2e7c28ae96ab14f18c.jpg</path>
	<source>
		<database>roboflow.ai</database>
	</source>
	<size>
		<width>416</width>
		<height>416</height>
		<depth>3</depth>
	</size>
	<segmented>0</segmented>
	<object>
		<name>THW</name>
		<pose>Unspecified</pose>
		<truncated>0</truncated>
		<difficult>0</difficult>
		<occluded>0</occluded>
		<bndbox>
			<xmin>156</xmin>
			<xmax>383</xmax>
			<ymin>86</ymin>
			<ymax>415</ymax>
		</bndbox>
	</object>
	<object>
		<name>FW</name>
		<pose>Unspecified</pose>
		<truncated>0</truncated>
		<difficult>0</difficult>
		<occluded>0</occluded>
		<bndbox>
			<xmin>0</xmin>
			<xmax>123</xmax>
			<ymin>120</ymin>
			<ymax>242</ymax>
		</bndbox>
	</object>
	<object>
		<name>FW</name>
		<pose>Unspecified</pose>
		<truncated>0</truncated>
		<difficult>0</difficult>
		<occluded>0</occluded>
		<bndbox>
			<xmin>104</xmin>
			<xmax>170</xmax>
			<ymin>99</ymin>
			<ymax>170</ymax>
		</bndbox>
	</object>
</annotation>
