<annotation>
	<folder></folder>
	<filename>frame_2088_jpg.rf.c5f81dc5f7d3bdae7f83efa0402162eb.jpg</filename>
	<path>frame_2088_jpg.rf.c5f81dc5f7d3bdae7f83efa0402162eb.jpg</path>
	<source>
		<database>roboflow.ai</database>
	</source>
	<size>
		<width>416</width>
		<height>416</height>
		<depth>3</depth>
	</size>
	<segmented>0</segmented>
	<object>
		<name>THW</name>
		<pose>Unspecified</pose>
		<truncated>0</truncated>
		<difficult>0</difficult>
		<occluded>0</occluded>
		<bndbox>
			<xmin>111</xmin>
			<xmax>259</xmax>
			<ymin>175</ymin>
			<ymax>318</ymax>
		</bndbox>
	</object>
	<object>
		<name>TW</name>
		<pose>Unspecified</pose>
		<truncated>0</truncated>
		<difficult>0</difficult>
		<occluded>0</occluded>
		<bndbox>
			<xmin>15</xmin>
			<xmax>80</xmax>
			<ymin>240</ymin>
			<ymax>330</ymax>
		</bndbox>
	</object>
	<object>
		<name>TW</name>
		<pose>Unspecified</pose>
		<truncated>0</truncated>
		<difficult>0</difficult>
		<occluded>0</occluded>
		<bndbox>
			<xmin>0</xmin>
			<xmax>27</xmax>
			<ymin>252</ymin>
			<ymax>326</ymax>
		</bndbox>
	</object>
</annotation>
