<annotation>
	<folder></folder>
	<filename>frame_4006_jpg.rf.978c0e4e12c19bc019255f44f25a4fb1.jpg</filename>
	<path>frame_4006_jpg.rf.978c0e4e12c19bc019255f44f25a4fb1.jpg</path>
	<source>
		<database>roboflow.ai</database>
	</source>
	<size>
		<width>416</width>
		<height>416</height>
		<depth>3</depth>
	</size>
	<segmented>0</segmented>
	<object>
		<name>THW</name>
		<pose>Unspecified</pose>
		<truncated>0</truncated>
		<difficult>0</difficult>
		<occluded>0</occluded>
		<bndbox>
			<xmin>191</xmin>
			<xmax>222</xmax>
			<ymin>191</ymin>
			<ymax>242</ymax>
		</bndbox>
	</object>
	<object>
		<name>FW</name>
		<pose>Unspecified</pose>
		<truncated>0</truncated>
		<difficult>0</difficult>
		<occluded>0</occluded>
		<bndbox>
			<xmin>231</xmin>
			<xmax>271</xmax>
			<ymin>180</ymin>
			<ymax>230</ymax>
		</bndbox>
	</object>
	<object>
		<name>TW</name>
		<pose>Unspecified</pose>
		<truncated>0</truncated>
		<difficult>0</difficult>
		<occluded>0</occluded>
		<bndbox>
			<xmin>178</xmin>
			<xmax>200</xmax>
			<ymin>177</ymin>
			<ymax>210</ymax>
		</bndbox>
	</object>
</annotation>
