<annotation>
	<folder></folder>
	<filename>frame_1613_jpg.rf.cf4ef0191c77e90c5443443ec8969368.jpg</filename>
	<path>frame_1613_jpg.rf.cf4ef0191c77e90c5443443ec8969368.jpg</path>
	<source>
		<database>roboflow.ai</database>
	</source>
	<size>
		<width>416</width>
		<height>416</height>
		<depth>3</depth>
	</size>
	<segmented>0</segmented>
	<object>
		<name>THW</name>
		<pose>Unspecified</pose>
		<truncated>0</truncated>
		<difficult>0</difficult>
		<occluded>0</occluded>
		<bndbox>
			<xmin>55</xmin>
			<xmax>264</xmax>
			<ymin>193</ymin>
			<ymax>414</ymax>
		</bndbox>
	</object>
	<object>
		<name>THW</name>
		<pose>Unspecified</pose>
		<truncated>0</truncated>
		<difficult>0</difficult>
		<occluded>0</occluded>
		<bndbox>
			<xmin>245</xmin>
			<xmax>375</xmax>
			<ymin>241</ymin>
			<ymax>381</ymax>
		</bndbox>
	</object>
	<object>
		<name>THW</name>
		<pose>Unspecified</pose>
		<truncated>0</truncated>
		<difficult>0</difficult>
		<occluded>0</occluded>
		<bndbox>
			<xmin>348</xmin>
			<xmax>415</xmax>
			<ymin>271</ymin>
			<ymax>403</ymax>
		</bndbox>
	</object>
</annotation>
