<annotation>
	<folder></folder>
	<filename>frame_2362_jpg.rf.7e41dfb4c2cf7ef81a052e8ae041f714.jpg</filename>
	<path>frame_2362_jpg.rf.7e41dfb4c2cf7ef81a052e8ae041f714.jpg</path>
	<source>
		<database>roboflow.ai</database>
	</source>
	<size>
		<width>416</width>
		<height>416</height>
		<depth>3</depth>
	</size>
	<segmented>0</segmented>
	<object>
		<name>TW</name>
		<pose>Unspecified</pose>
		<truncated>0</truncated>
		<difficult>0</difficult>
		<occluded>0</occluded>
		<bndbox>
			<xmin>137</xmin>
			<xmax>187</xmax>
			<ymin>164</ymin>
			<ymax>258</ymax>
		</bndbox>
	</object>
	<object>
		<name>TW</name>
		<pose>Unspecified</pose>
		<truncated>0</truncated>
		<difficult>0</difficult>
		<occluded>0</occluded>
		<bndbox>
			<xmin>186</xmin>
			<xmax>215</xmax>
			<ymin>138</ymin>
			<ymax>192</ymax>
		</bndbox>
	</object>
</annotation>
