<annotation>
	<folder></folder>
	<filename>frame_2210_jpg.rf.fb071e7d8542291f499451ff7554b063.jpg</filename>
	<path>frame_2210_jpg.rf.fb071e7d8542291f499451ff7554b063.jpg</path>
	<source>
		<database>roboflow.ai</database>
	</source>
	<size>
		<width>416</width>
		<height>416</height>
		<depth>3</depth>
	</size>
	<segmented>0</segmented>
	<object>
		<name>THW</name>
		<pose>Unspecified</pose>
		<truncated>0</truncated>
		<difficult>0</difficult>
		<occluded>0</occluded>
		<bndbox>
			<xmin>16</xmin>
			<xmax>96</xmax>
			<ymin>156</ymin>
			<ymax>292</ymax>
		</bndbox>
	</object>
	<object>
		<name>THW</name>
		<pose>Unspecified</pose>
		<truncated>0</truncated>
		<difficult>0</difficult>
		<occluded>0</occluded>
		<bndbox>
			<xmin>105</xmin>
			<xmax>182</xmax>
			<ymin>124</ymin>
			<ymax>306</ymax>
		</bndbox>
	</object>
	<object>
		<name>THW</name>
		<pose>Unspecified</pose>
		<truncated>0</truncated>
		<difficult>0</difficult>
		<occluded>0</occluded>
		<bndbox>
			<xmin>163</xmin>
			<xmax>313</xmax>
			<ymin>69</ymin>
			<ymax>372</ymax>
		</bndbox>
	</object>
</annotation>
