<annotation>
	<folder></folder>
	<filename>frame_447_jpg.rf.870470e27adaf346cd83968666f7f318.jpg</filename>
	<path>frame_447_jpg.rf.870470e27adaf346cd83968666f7f318.jpg</path>
	<source>
		<database>roboflow.ai</database>
	</source>
	<size>
		<width>416</width>
		<height>416</height>
		<depth>3</depth>
	</size>
	<segmented>0</segmented>
	<object>
		<name>TW</name>
		<pose>Unspecified</pose>
		<truncated>0</truncated>
		<difficult>0</difficult>
		<occluded>0</occluded>
		<bndbox>
			<xmin>198</xmin>
			<xmax>231</xmax>
			<ymin>42</ymin>
			<ymax>109</ymax>
		</bndbox>
	</object>
	<object>
		<name>TW</name>
		<pose>Unspecified</pose>
		<truncated>0</truncated>
		<difficult>0</difficult>
		<occluded>0</occluded>
		<bndbox>
			<xmin>303</xmin>
			<xmax>327</xmax>
			<ymin>23</ymin>
			<ymax>79</ymax>
		</bndbox>
	</object>
</annotation>
