<annotation>
	<folder></folder>
	<filename>frame_3276_jpg.rf.b667b9a95a7f5b89f126408ee288590f.jpg</filename>
	<path>frame_3276_jpg.rf.b667b9a95a7f5b89f126408ee288590f.jpg</path>
	<source>
		<database>roboflow.ai</database>
	</source>
	<size>
		<width>416</width>
		<height>416</height>
		<depth>3</depth>
	</size>
	<segmented>0</segmented>
	<object>
		<name>THW</name>
		<pose>Unspecified</pose>
		<truncated>0</truncated>
		<difficult>0</difficult>
		<occluded>0</occluded>
		<bndbox>
			<xmin>209</xmin>
			<xmax>399</xmax>
			<ymin>43</ymin>
			<ymax>362</ymax>
		</bndbox>
	</object>
	<object>
		<name>TW</name>
		<pose>Unspecified</pose>
		<truncated>0</truncated>
		<difficult>0</difficult>
		<occluded>0</occluded>
		<bndbox>
			<xmin>98</xmin>
			<xmax>149</xmax>
			<ymin>122</ymin>
			<ymax>269</ymax>
		</bndbox>
	</object>
	<object>
		<name>TW</name>
		<pose>Unspecified</pose>
		<truncated>0</truncated>
		<difficult>0</difficult>
		<occluded>0</occluded>
		<bndbox>
			<xmin>139</xmin>
			<xmax>190</xmax>
			<ymin>115</ymin>
			<ymax>262</ymax>
		</bndbox>
	</object>
	<object>
		<name>TW</name>
		<pose>Unspecified</pose>
		<truncated>0</truncated>
		<difficult>0</difficult>
		<occluded>0</occluded>
		<bndbox>
			<xmin>63</xmin>
			<xmax>113</xmax>
			<ymin>114</ymin>
			<ymax>259</ymax>
		</bndbox>
	</object>
</annotation>
