<annotation>
	<folder></folder>
	<filename>frame_1836_jpg.rf.4f880dde0689aa5c63c2e71183a209f9.jpg</filename>
	<path>frame_1836_jpg.rf.4f880dde0689aa5c63c2e71183a209f9.jpg</path>
	<source>
		<database>roboflow.ai</database>
	</source>
	<size>
		<width>416</width>
		<height>416</height>
		<depth>3</depth>
	</size>
	<segmented>0</segmented>
	<object>
		<name>THW</name>
		<pose>Unspecified</pose>
		<truncated>0</truncated>
		<difficult>0</difficult>
		<occluded>0</occluded>
		<bndbox>
			<xmin>159</xmin>
			<xmax>410</xmax>
			<ymin>135</ymin>
			<ymax>401</ymax>
		</bndbox>
	</object>
</annotation>
