<annotation>
	<folder></folder>
	<filename>frame_3364_jpg.rf.f741aa05abfd55c5e453ae393906b904.jpg</filename>
	<path>frame_3364_jpg.rf.f741aa05abfd55c5e453ae393906b904.jpg</path>
	<source>
		<database>roboflow.ai</database>
	</source>
	<size>
		<width>416</width>
		<height>416</height>
		<depth>3</depth>
	</size>
	<segmented>0</segmented>
	<object>
		<name>TW</name>
		<pose>Unspecified</pose>
		<truncated>0</truncated>
		<difficult>0</difficult>
		<occluded>0</occluded>
		<bndbox>
			<xmin>267</xmin>
			<xmax>322</xmax>
			<ymin>124</ymin>
			<ymax>195</ymax>
		</bndbox>
	</object>
	<object>
		<name>THW</name>
		<pose>Unspecified</pose>
		<truncated>0</truncated>
		<difficult>0</difficult>
		<occluded>0</occluded>
		<bndbox>
			<xmin>310</xmin>
			<xmax>415</xmax>
			<ymin>82</ymin>
			<ymax>247</ymax>
		</bndbox>
	</object>
</annotation>
