<annotation>
	<folder></folder>
	<filename>frame_1485_jpg.rf.cd790314623bde4c7c3ca02776c2a9bc.jpg</filename>
	<path>frame_1485_jpg.rf.cd790314623bde4c7c3ca02776c2a9bc.jpg</path>
	<source>
		<database>roboflow.ai</database>
	</source>
	<size>
		<width>416</width>
		<height>416</height>
		<depth>3</depth>
	</size>
	<segmented>0</segmented>
	<object>
		<name>THW</name>
		<pose>Unspecified</pose>
		<truncated>0</truncated>
		<difficult>0</difficult>
		<occluded>0</occluded>
		<bndbox>
			<xmin>97</xmin>
			<xmax>348</xmax>
			<ymin>146</ymin>
			<ymax>415</ymax>
		</bndbox>
	</object>
	<object>
		<name>THW</name>
		<pose>Unspecified</pose>
		<truncated>0</truncated>
		<difficult>0</difficult>
		<occluded>0</occluded>
		<bndbox>
			<xmin>0</xmin>
			<xmax>187</xmax>
			<ymin>63</ymin>
			<ymax>412</ymax>
		</bndbox>
	</object>
</annotation>
