<annotation>
	<folder></folder>
	<filename>frame_2286_jpg.rf.e3e0865f522e1c0f42b0d0cb775f82a5.jpg</filename>
	<path>frame_2286_jpg.rf.e3e0865f522e1c0f42b0d0cb775f82a5.jpg</path>
	<source>
		<database>roboflow.ai</database>
	</source>
	<size>
		<width>416</width>
		<height>416</height>
		<depth>3</depth>
	</size>
	<segmented>0</segmented>
	<object>
		<name>HV</name>
		<pose>Unspecified</pose>
		<truncated>0</truncated>
		<difficult>0</difficult>
		<occluded>0</occluded>
		<bndbox>
			<xmin>169</xmin>
			<xmax>411</xmax>
			<ymin>103</ymin>
			<ymax>415</ymax>
		</bndbox>
	</object>
</annotation>
