<annotation>
	<folder></folder>
	<filename>frame_1559_jpg.rf.4e935431091eb1f394a82f76851385f5.jpg</filename>
	<path>frame_1559_jpg.rf.4e935431091eb1f394a82f76851385f5.jpg</path>
	<source>
		<database>roboflow.ai</database>
	</source>
	<size>
		<width>416</width>
		<height>416</height>
		<depth>3</depth>
	</size>
	<segmented>0</segmented>
	<object>
		<name>THW</name>
		<pose>Unspecified</pose>
		<truncated>0</truncated>
		<difficult>0</difficult>
		<occluded>0</occluded>
		<bndbox>
			<xmin>130</xmin>
			<xmax>329</xmax>
			<ymin>188</ymin>
			<ymax>402</ymax>
		</bndbox>
	</object>
	<object>
		<name>THW</name>
		<pose>Unspecified</pose>
		<truncated>0</truncated>
		<difficult>0</difficult>
		<occluded>0</occluded>
		<bndbox>
			<xmin>259</xmin>
			<xmax>345</xmax>
			<ymin>168</ymin>
			<ymax>278</ymax>
		</bndbox>
	</object>
	<object>
		<name>THW</name>
		<pose>Unspecified</pose>
		<truncated>0</truncated>
		<difficult>0</difficult>
		<occluded>0</occluded>
		<bndbox>
			<xmin>70</xmin>
			<xmax>128</xmax>
			<ymin>229</ymin>
			<ymax>332</ymax>
		</bndbox>
	</object>
	<object>
		<name>TW</name>
		<pose>Unspecified</pose>
		<truncated>0</truncated>
		<difficult>0</difficult>
		<occluded>0</occluded>
		<bndbox>
			<xmin>104</xmin>
			<xmax>181</xmax>
			<ymin>225</ymin>
			<ymax>356</ymax>
		</bndbox>
	</object>
</annotation>
