<annotation>
	<folder></folder>
	<filename>frame_1881_jpg.rf.43e7df2c93d612ceadbcf98bbf5d4c9b.jpg</filename>
	<path>frame_1881_jpg.rf.43e7df2c93d612ceadbcf98bbf5d4c9b.jpg</path>
	<source>
		<database>roboflow.ai</database>
	</source>
	<size>
		<width>416</width>
		<height>416</height>
		<depth>3</depth>
	</size>
	<segmented>0</segmented>
	<object>
		<name>THW</name>
		<pose>Unspecified</pose>
		<truncated>0</truncated>
		<difficult>0</difficult>
		<occluded>0</occluded>
		<bndbox>
			<xmin>133</xmin>
			<xmax>282</xmax>
			<ymin>94</ymin>
			<ymax>358</ymax>
		</bndbox>
	</object>
</annotation>
