<annotation>
	<folder></folder>
	<filename>frame_826_jpg.rf.87b35783f1ea31f1b2244ec44c9d927c.jpg</filename>
	<path>frame_826_jpg.rf.87b35783f1ea31f1b2244ec44c9d927c.jpg</path>
	<source>
		<database>roboflow.ai</database>
	</source>
	<size>
		<width>416</width>
		<height>416</height>
		<depth>3</depth>
	</size>
	<segmented>0</segmented>
	<object>
		<name>TW</name>
		<pose>Unspecified</pose>
		<truncated>0</truncated>
		<difficult>0</difficult>
		<occluded>0</occluded>
		<bndbox>
			<xmin>189</xmin>
			<xmax>209</xmax>
			<ymin>11</ymin>
			<ymax>52</ymax>
		</bndbox>
	</object>
	<object>
		<name>HV</name>
		<pose>Unspecified</pose>
		<truncated>0</truncated>
		<difficult>0</difficult>
		<occluded>0</occluded>
		<bndbox>
			<xmin>239</xmin>
			<xmax>297</xmax>
			<ymin>11</ymin>
			<ymax>50</ymax>
		</bndbox>
	</object>
	<object>
		<name>TW</name>
		<pose>Unspecified</pose>
		<truncated>0</truncated>
		<difficult>0</difficult>
		<occluded>0</occluded>
		<bndbox>
			<xmin>328</xmin>
			<xmax>356</xmax>
			<ymin>66</ymin>
			<ymax>145</ymax>
		</bndbox>
	</object>
</annotation>
