<annotation>
	<folder></folder>
	<filename>frame_1757_jpg.rf.cc8d7292acc828a908ff1246611ad2e4.jpg</filename>
	<path>frame_1757_jpg.rf.cc8d7292acc828a908ff1246611ad2e4.jpg</path>
	<source>
		<database>roboflow.ai</database>
	</source>
	<size>
		<width>416</width>
		<height>416</height>
		<depth>3</depth>
	</size>
	<segmented>0</segmented>
	<object>
		<name>THW</name>
		<pose>Unspecified</pose>
		<truncated>0</truncated>
		<difficult>0</difficult>
		<occluded>0</occluded>
		<bndbox>
			<xmin>176</xmin>
			<xmax>334</xmax>
			<ymin>121</ymin>
			<ymax>413</ymax>
		</bndbox>
	</object>
</annotation>
