<annotation>
	<folder></folder>
	<filename>frame_1503_jpg.rf.39fd8033230f1ffd42e1c21779db4d3c.jpg</filename>
	<path>frame_1503_jpg.rf.39fd8033230f1ffd42e1c21779db4d3c.jpg</path>
	<source>
		<database>roboflow.ai</database>
	</source>
	<size>
		<width>416</width>
		<height>416</height>
		<depth>3</depth>
	</size>
	<segmented>0</segmented>
	<object>
		<name>THW</name>
		<pose>Unspecified</pose>
		<truncated>0</truncated>
		<difficult>0</difficult>
		<occluded>0</occluded>
		<bndbox>
			<xmin>78</xmin>
			<xmax>206</xmax>
			<ymin>145</ymin>
			<ymax>292</ymax>
		</bndbox>
	</object>
	<object>
		<name>THW</name>
		<pose>Unspecified</pose>
		<truncated>0</truncated>
		<difficult>0</difficult>
		<occluded>0</occluded>
		<bndbox>
			<xmin>243</xmin>
			<xmax>335</xmax>
			<ymin>158</ymin>
			<ymax>282</ymax>
		</bndbox>
	</object>
	<object>
		<name>TW</name>
		<pose>Unspecified</pose>
		<truncated>0</truncated>
		<difficult>0</difficult>
		<occluded>0</occluded>
		<bndbox>
			<xmin>198</xmin>
			<xmax>227</xmax>
			<ymin>197</ymin>
			<ymax>278</ymax>
		</bndbox>
	</object>
	<object>
		<name>THW</name>
		<pose>Unspecified</pose>
		<truncated>0</truncated>
		<difficult>0</difficult>
		<occluded>0</occluded>
		<bndbox>
			<xmin>336</xmin>
			<xmax>408</xmax>
			<ymin>177</ymin>
			<ymax>267</ymax>
		</bndbox>
	</object>
</annotation>
