<annotation>
	<folder></folder>
	<filename>frame_3102_jpg.rf.63aa523ce2c404a175bffc2070b67f01.jpg</filename>
	<path>frame_3102_jpg.rf.63aa523ce2c404a175bffc2070b67f01.jpg</path>
	<source>
		<database>roboflow.ai</database>
	</source>
	<size>
		<width>416</width>
		<height>416</height>
		<depth>3</depth>
	</size>
	<segmented>0</segmented>
	<object>
		<name>THW</name>
		<pose>Unspecified</pose>
		<truncated>0</truncated>
		<difficult>0</difficult>
		<occluded>0</occluded>
		<bndbox>
			<xmin>0</xmin>
			<xmax>71</xmax>
			<ymin>265</ymin>
			<ymax>404</ymax>
		</bndbox>
	</object>
</annotation>
