<annotation>
	<folder></folder>
	<filename>frame_2322_jpg.rf.9aae9c1f8282d4577c88d3f1a7300831.jpg</filename>
	<path>frame_2322_jpg.rf.9aae9c1f8282d4577c88d3f1a7300831.jpg</path>
	<source>
		<database>roboflow.ai</database>
	</source>
	<size>
		<width>416</width>
		<height>416</height>
		<depth>3</depth>
	</size>
	<segmented>0</segmented>
	<object>
		<name>HV</name>
		<pose>Unspecified</pose>
		<truncated>0</truncated>
		<difficult>0</difficult>
		<occluded>0</occluded>
		<bndbox>
			<xmin>265</xmin>
			<xmax>413</xmax>
			<ymin>59</ymin>
			<ymax>321</ymax>
		</bndbox>
	</object>
</annotation>
