<annotation>
	<folder></folder>
	<filename>frame_2861_jpg.rf.f745237430d75c64424f2de04abfee2e.jpg</filename>
	<path>frame_2861_jpg.rf.f745237430d75c64424f2de04abfee2e.jpg</path>
	<source>
		<database>roboflow.ai</database>
	</source>
	<size>
		<width>416</width>
		<height>416</height>
		<depth>3</depth>
	</size>
	<segmented>0</segmented>
	<object>
		<name>TW</name>
		<pose>Unspecified</pose>
		<truncated>0</truncated>
		<difficult>0</difficult>
		<occluded>0</occluded>
		<bndbox>
			<xmin>71</xmin>
			<xmax>113</xmax>
			<ymin>261</ymin>
			<ymax>387</ymax>
		</bndbox>
	</object>
	<object>
		<name>TW</name>
		<pose>Unspecified</pose>
		<truncated>0</truncated>
		<difficult>0</difficult>
		<occluded>0</occluded>
		<bndbox>
			<xmin>93</xmin>
			<xmax>135</xmax>
			<ymin>186</ymin>
			<ymax>312</ymax>
		</bndbox>
	</object>
</annotation>
