<annotation>
	<folder></folder>
	<filename>frame_1525_jpg.rf.588bee13f1cdc0a8219233330058174b.jpg</filename>
	<path>frame_1525_jpg.rf.588bee13f1cdc0a8219233330058174b.jpg</path>
	<source>
		<database>roboflow.ai</database>
	</source>
	<size>
		<width>416</width>
		<height>416</height>
		<depth>3</depth>
	</size>
	<segmented>0</segmented>
	<object>
		<name>THW</name>
		<pose>Unspecified</pose>
		<truncated>0</truncated>
		<difficult>0</difficult>
		<occluded>0</occluded>
		<bndbox>
			<xmin>114</xmin>
			<xmax>415</xmax>
			<ymin>0</ymin>
			<ymax>415</ymax>
		</bndbox>
	</object>
</annotation>
