<annotation>
	<folder></folder>
	<filename>frame_3498_jpg.rf.c20af70538a43454e592f4fb40ca5945.jpg</filename>
	<path>frame_3498_jpg.rf.c20af70538a43454e592f4fb40ca5945.jpg</path>
	<source>
		<database>roboflow.ai</database>
	</source>
	<size>
		<width>416</width>
		<height>416</height>
		<depth>3</depth>
	</size>
	<segmented>0</segmented>
	<object>
		<name>FW</name>
		<pose>Unspecified</pose>
		<truncated>0</truncated>
		<difficult>0</difficult>
		<occluded>0</occluded>
		<bndbox>
			<xmin>200</xmin>
			<xmax>288</xmax>
			<ymin>228</ymin>
			<ymax>353</ymax>
		</bndbox>
	</object>
	<object>
		<name>FW</name>
		<pose>Unspecified</pose>
		<truncated>0</truncated>
		<difficult>0</difficult>
		<occluded>0</occluded>
		<bndbox>
			<xmin>37</xmin>
			<xmax>195</xmax>
			<ymin>255</ymin>
			<ymax>415</ymax>
		</bndbox>
	</object>
	<object>
		<name>HV</name>
		<pose>Unspecified</pose>
		<truncated>0</truncated>
		<difficult>0</difficult>
		<occluded>0</occluded>
		<bndbox>
			<xmin>156</xmin>
			<xmax>232</xmax>
			<ymin>191</ymin>
			<ymax>317</ymax>
		</bndbox>
	</object>
</annotation>
