<annotation>
	<folder></folder>
	<filename>frame_3240_jpg.rf.c7984ed87b7fdfa97cc11749262401cf.jpg</filename>
	<path>frame_3240_jpg.rf.c7984ed87b7fdfa97cc11749262401cf.jpg</path>
	<source>
		<database>roboflow.ai</database>
	</source>
	<size>
		<width>416</width>
		<height>416</height>
		<depth>3</depth>
	</size>
	<segmented>0</segmented>
	<object>
		<name>THW</name>
		<pose>Unspecified</pose>
		<truncated>0</truncated>
		<difficult>0</difficult>
		<occluded>0</occluded>
		<bndbox>
			<xmin>171</xmin>
			<xmax>271</xmax>
			<ymin>149</ymin>
			<ymax>279</ymax>
		</bndbox>
	</object>
	<object>
		<name>FW</name>
		<pose>Unspecified</pose>
		<truncated>0</truncated>
		<difficult>0</difficult>
		<occluded>0</occluded>
		<bndbox>
			<xmin>47</xmin>
			<xmax>187</xmax>
			<ymin>155</ymin>
			<ymax>269</ymax>
		</bndbox>
	</object>
	<object>
		<name>FW</name>
		<pose>Unspecified</pose>
		<truncated>0</truncated>
		<difficult>0</difficult>
		<occluded>0</occluded>
		<bndbox>
			<xmin>331</xmin>
			<xmax>402</xmax>
			<ymin>166</ymin>
			<ymax>254</ymax>
		</bndbox>
	</object>
</annotation>
