<annotation>
	<folder></folder>
	<filename>frame_2185_jpg.rf.22ee36a9f2e5864f33ef0c3d729e6fe0.jpg</filename>
	<path>frame_2185_jpg.rf.22ee36a9f2e5864f33ef0c3d729e6fe0.jpg</path>
	<source>
		<database>roboflow.ai</database>
	</source>
	<size>
		<width>416</width>
		<height>416</height>
		<depth>3</depth>
	</size>
	<segmented>0</segmented>
	<object>
		<name>THW</name>
		<pose>Unspecified</pose>
		<truncated>0</truncated>
		<difficult>0</difficult>
		<occluded>0</occluded>
		<bndbox>
			<xmin>4</xmin>
			<xmax>172</xmax>
			<ymin>95</ymin>
			<ymax>337</ymax>
		</bndbox>
	</object>
	<object>
		<name>TW</name>
		<pose>Unspecified</pose>
		<truncated>0</truncated>
		<difficult>0</difficult>
		<occluded>0</occluded>
		<bndbox>
			<xmin>217</xmin>
			<xmax>305</xmax>
			<ymin>93</ymin>
			<ymax>333</ymax>
		</bndbox>
	</object>
	<object>
		<name>HV</name>
		<pose>Unspecified</pose>
		<truncated>0</truncated>
		<difficult>0</difficult>
		<occluded>0</occluded>
		<bndbox>
			<xmin>175</xmin>
			<xmax>227</xmax>
			<ymin>71</ymin>
			<ymax>138</ymax>
		</bndbox>
	</object>
</annotation>
