<annotation>
	<folder></folder>
	<filename>frame_31_jpg.rf.5d061b87c8f0fa5ef4c6fd7f8f602b8d.jpg</filename>
	<path>frame_31_jpg.rf.5d061b87c8f0fa5ef4c6fd7f8f602b8d.jpg</path>
	<source>
		<database>roboflow.ai</database>
	</source>
	<size>
		<width>416</width>
		<height>416</height>
		<depth>3</depth>
	</size>
	<segmented>0</segmented>
	<object>
		<name>TW</name>
		<pose>Unspecified</pose>
		<truncated>0</truncated>
		<difficult>0</difficult>
		<occluded>0</occluded>
		<bndbox>
			<xmin>319</xmin>
			<xmax>338</xmax>
			<ymin>34</ymin>
			<ymax>86</ymax>
		</bndbox>
	</object>
	<object>
		<name>TW</name>
		<pose>Unspecified</pose>
		<truncated>0</truncated>
		<difficult>0</difficult>
		<occluded>0</occluded>
		<bndbox>
			<xmin>211</xmin>
			<xmax>244</xmax>
			<ymin>268</ymin>
			<ymax>353</ymax>
		</bndbox>
	</object>
	<object>
		<name>FW</name>
		<pose>Unspecified</pose>
		<truncated>0</truncated>
		<difficult>0</difficult>
		<occluded>0</occluded>
		<bndbox>
			<xmin>241</xmin>
			<xmax>289</xmax>
			<ymin>45</ymin>
			<ymax>116</ymax>
		</bndbox>
	</object>
</annotation>
