<annotation>
	<folder></folder>
	<filename>frame_3995_jpg.rf.f830b9e6cde7d0b2b9d6e5dd7e9a0c60.jpg</filename>
	<path>frame_3995_jpg.rf.f830b9e6cde7d0b2b9d6e5dd7e9a0c60.jpg</path>
	<source>
		<database>roboflow.ai</database>
	</source>
	<size>
		<width>416</width>
		<height>416</height>
		<depth>3</depth>
	</size>
	<segmented>0</segmented>
	<object>
		<name>TW</name>
		<pose>Unspecified</pose>
		<truncated>0</truncated>
		<difficult>0</difficult>
		<occluded>0</occluded>
		<bndbox>
			<xmin>204</xmin>
			<xmax>251</xmax>
			<ymin>282</ymin>
			<ymax>381</ymax>
		</bndbox>
	</object>
	<object>
		<name>FW</name>
		<pose>Unspecified</pose>
		<truncated>0</truncated>
		<difficult>0</difficult>
		<occluded>0</occluded>
		<bndbox>
			<xmin>238</xmin>
			<xmax>278</xmax>
			<ymin>157</ymin>
			<ymax>204</ymax>
		</bndbox>
	</object>
	<object>
		<name>FW</name>
		<pose>Unspecified</pose>
		<truncated>0</truncated>
		<difficult>0</difficult>
		<occluded>0</occluded>
		<bndbox>
			<xmin>213</xmin>
			<xmax>245</xmax>
			<ymin>150</ymin>
			<ymax>194</ymax>
		</bndbox>
	</object>
</annotation>
