<annotation>
	<folder></folder>
	<filename>frame_3843_jpg.rf.95d8b76b6f1dc15e0d32094bcab4b18f.jpg</filename>
	<path>frame_3843_jpg.rf.95d8b76b6f1dc15e0d32094bcab4b18f.jpg</path>
	<source>
		<database>roboflow.ai</database>
	</source>
	<size>
		<width>416</width>
		<height>416</height>
		<depth>3</depth>
	</size>
	<segmented>0</segmented>
	<object>
		<name>TW</name>
		<pose>Unspecified</pose>
		<truncated>0</truncated>
		<difficult>0</difficult>
		<occluded>0</occluded>
		<bndbox>
			<xmin>123</xmin>
			<xmax>154</xmax>
			<ymin>236</ymin>
			<ymax>298</ymax>
		</bndbox>
	</object>
	<object>
		<name>TW</name>
		<pose>Unspecified</pose>
		<truncated>0</truncated>
		<difficult>0</difficult>
		<occluded>0</occluded>
		<bndbox>
			<xmin>246</xmin>
			<xmax>273</xmax>
			<ymin>195</ymin>
			<ymax>240</ymax>
		</bndbox>
	</object>
	<object>
		<name>FW</name>
		<pose>Unspecified</pose>
		<truncated>0</truncated>
		<difficult>0</difficult>
		<occluded>0</occluded>
		<bndbox>
			<xmin>208</xmin>
			<xmax>249</xmax>
			<ymin>190</ymin>
			<ymax>264</ymax>
		</bndbox>
	</object>
</annotation>
