<annotation>
	<folder></folder>
	<filename>frame_1616_jpg.rf.ee7809e0163fb2469c01bb4fb73d697a.jpg</filename>
	<path>frame_1616_jpg.rf.ee7809e0163fb2469c01bb4fb73d697a.jpg</path>
	<source>
		<database>roboflow.ai</database>
	</source>
	<size>
		<width>416</width>
		<height>416</height>
		<depth>3</depth>
	</size>
	<segmented>0</segmented>
	<object>
		<name>THW</name>
		<pose>Unspecified</pose>
		<truncated>0</truncated>
		<difficult>0</difficult>
		<occluded>0</occluded>
		<bndbox>
			<xmin>4</xmin>
			<xmax>202</xmax>
			<ymin>203</ymin>
			<ymax>415</ymax>
		</bndbox>
	</object>
	<object>
		<name>THW</name>
		<pose>Unspecified</pose>
		<truncated>0</truncated>
		<difficult>0</difficult>
		<occluded>0</occluded>
		<bndbox>
			<xmin>213</xmin>
			<xmax>415</xmax>
			<ymin>117</ymin>
			<ymax>342</ymax>
		</bndbox>
	</object>
</annotation>
